"cancel","64"
"rehouse","1"
"prepare","646"
"recline","13"
"govern","90"
"mince","1"
"supplant","8"
"tinkle","7"
"analyse","54"
"resemble","233"
"discourage","28"
"oversee","14"
"pretend","420"
"rupture","1"
"wreck","21"
"proffer","5"
"pick","711"
"afflict","3"
"constrict","9"
"reproach","53"
"fluctuate","3"
"kidnap","41"
"reposition","2"
"warrant","6"
"calculate","122"
"authorize","14"
"conceal","311"
"groom","2"
"sniff","4"
"possess","225"
"coincide","19"
"require","343"
"scratch","3"
"devise","40"
"click","5"
"clutch","139"
"temper","3"
"evacuate","4"
"wink","82"
"eavesdrop","2"
"rejoice","38"
"dawn","4"
"wing","4"
"placate","2"
"tickle","2"
"object","93"
"wind","21"
"interject","5"
"harbour","3"
"hang","1033"
"throb","7"
"SET","1"
"achieve","219"
"overdo","16"
"roll","141"
"blur","2"
"suffice","19"
"concede","42"
"turn","4824"
"elect","64"
"deluge","1"
"result","13"
"yowl","1"
"wreak","3"
"evaporate","6"
"commission","12"
"muff","1"
"quiet","13"
"flip","25"
"disband","5"
"connect","110"
"hand","779"
"pervert","1"
"rescind","1"
"resume","53"
"rebuild","7"
"barricade","2"
"address","145"
"twiddle","4"
"deaden","1"
"excavate","1"
"ramble","3"
"wipe","419"
"halt","4"
"photograph","58"
"overwhelm","19"
"police","2"
"throw","701"
"thank","1130"
"poach","1"
"disguise","7"
"wrap","156"
"discuss","152"
"reimburse","1"
"correct","143"
"resolve","132"
"lade","3"
"unfurl","3"
"chill","1"
"confront","11"
"reunite","2"
"dominate","80"
"imitate","97"
"empty","30"
"deploy","5"
"wish","1422"
"compute","6"
"rearrange","8"
"reproduce","5"
"tie","218"
"exceed","23"
"enlarge","19"
"pervade","5"
"disperse","46"
"tip","15"
"implement","9"
"avert","48"
"export","7"
"laugh","1502"
"dismount","10"
"chime","2"
"murder","219"
"incinerate","5"
"hanker","3"
"pat","36"
"erode","2"
"paw","7"
"pay","1296"
"check","362"
"beset","3"
"list","9"
"lack","130"
"frustrate","2"
"remunerate","1"
"importune","1"
"revise","8"
"ascend","26"
"harm","73"
"avenge","22"
"embody","6"
"remove","537"
"muster","14"
"outstrip","3"
"emancipate","1"
"envisage","2"
"root","4"
"wrestle","32"
"motivate","2"
"ricochet","5"
"spoil","133"
"multiply","16"
"lend","103"
"live","1002"
"worsen","7"
"hypothesize","1"
"pilot","1"
"authorise","2"
"perform","222"
"concentrate","182"
"expose","144"
"cheer","55"
"unfetter","1"
"bemoan","1"
"avow","3"
"better","2"
"taint","3"
"tinker","1"
"populate","2"
"puncture","1"
"service","1"
"permit","193"
"inject","8"
"upraise","1"
"pocket","1"
"pile","15"
"channel","1"
"focus","71"
"sate","1"
"hamper","11"
"exterminate","1"
"approach","517"
"overshadow","9"
"usher","12"
"misappropriate","1"
"conjecture","5"
"peg","1"
"experiment","11"
"flop","4"
"bump","66"
"hate","675"
"block","26"
"ordain","3"
"revive","31"
"mull","8"
"write","3439"
"flow","96"
"pet","14"
"order","341"
"wage","31"
"explicate","2"
"modulate","1"
"proceed","86"
"inter","4"
"understand","3405"
"dismiss","74"
"birth","5"
"gore","1"
"propose","120"
"destine","9"
"flog","1"
"remit","1"
"glint","17"
"install","11"
"even","1"
"analyze","65"
"ensue","24"
"coach","1"
"wait","3885"
"blackmail","18"
"save","888"
"stagger","3"
"matter","231"
"restrict","33"
"enliven","5"
"top","5"
"peep","14"
"peer","64"
"imprison","39"
"ladle","1"
"tot","1"
"wail","7"
"persecute","24"
"tow","27"
"REQUIRE","1"
"roast","19"
"haul","18"
"avail","5"
"question","153"
"peel","13"
"foreordain","3"
"jostle","18"
"produce","288"
"picture","54"
"denounce","29"
"peek","9"
"verge","1"
"cheat","7"
"disengage","9"
"underrate","3"
"disable","10"
"regard","298"
"horrify","27"
"resurrect","4"
"infect","34"
"chronicle","1"
"infiltrate","15"
"prohibit","20"
"cop","1"
"reign","40"
"reverberate","6"
"hypothesise","1"
"foresee","59"
"associate","76"
"pacify","4"
"pray","311"
"crawl","92"
"plead","76"
"gleam","65"
"wake","866"
"detract","1"
"lag","5"
"glean","1"
"rejoin","11"
"pin","1"
"function","71"
"raise","1183"
"twirl","12"
"revere","4"
"stock","3"
"sneak","2"
"suspend","48"
"void","2"
"lay","672"
"swap","20"
"dispense","3"
"fondle","6"
"pardon","29"
"crave","16"
"sway","25"
"revert","18"
"splinter","1"
"belittle","1"
"tutor","1"
"reconcile","46"
"impugn","1"
"condition","15"
"annul","1"
"tempt","43"
"peddle","4"
"improve","139"
"snow","56"
"try","5867"
"cross-question","1"
"vanquish","10"
"twist","86"
"absolve","1"
"perplex","5"
"emanate","20"
"procrastinate","2"
"locate","130"
"unite","52"
"censure","2"
"chatter","5"
"personate","2"
"accost","18"
"cause","464"
"muse","33"
"combat","1"
"despise","57"
"indulge","12"
"wound","59"
"pursue","141"
"design","59"
"convey","74"
"busy","6"
"land","177"
"redeem","15"
"bust","9"
"contaminate","1"
"allude","4"
"burn","513"
"wring","4"
"accord","13"
"forfeit","3"
"cry","1975"
"disintegrate","11"
"rampage","1"
"backfire","1"
"probe","6"
"doctor","1"
"groan","5"
"bury","318"
"conduct","76"
"obey","157"
"plunder","1"
"botch","1"
"foment","1"
"grapple","2"
"respond","186"
"tidy","35"
"sketch","12"
"ply","1"
"sport","6"
"walk","2423"
"glisten","43"
"attire","1"
"tug","46"
"marry","480"
"pity","40"
"absorb","53"
"grieve","14"
"supply","57"
"induct","1"
"concern","189"
"circulate","34"
"fracture","5"
"resuscitate","1"
"incubate","1"
"rectify","15"
"lessen","7"
"refrain","10"
"merge","30"
"let","1852"
"state","92"
"press","546"
"dock","4"
"welcome","179"
"snub","1"
"drift","35"
"want","11369"
"pace","146"
"exclaim","253"
"forecast","3"
"mute","1"
"uncover","65"
"deteriorate","8"
"recognize","575"
"pack","182"
"induce","38"
"wane","13"
"extricate","12"
"baffle","7"
"offend","142"
"enroll","15"
"infringe","3"
"circle","75"
"butt","4"
"resign","6"
"safeguard","4"
"bathe","20"
"cut","110"
"dethrone","1"
"reside","12"
"document","2"
"ward","4"
"harass","8"
"dread","31"
"starve","3"
"chase","167"
"promote","30"
"found","73"
"tear","371"
"excuse","189"
"combust","1"
"attack","244"
"divorce","58"
"attach","52"
"distribute","37"
"shout","856"
"escape","640"
"enlist","8"
"convict","49"
"validate","7"
"quiz","7"
"think","16927"
"receive","721"
"dodge","46"
"clad","13"
"participate","47"
"consolidate","4"
"inhibit","13"
"Run","1"
"intimate","2"
"shove","61"
"disclose","14"
"entrust","56"
"torture","103"
"charm","31"
"realise","10"
"watch","3055"
"clap","46"
"quit","126"
"pluck","34"
"polish","8"
"chart","2"
"evoke","36"
"fashion","3"
"dazzle","2"
"attend","174"
"smite","20"
"shovel","6"
"lie","2741"
"tilt","44"
"secure","77"
"smell","444"
"align","5"
"re-evaluate","1"
"initiate","27"
"glare","19"
"compile","19"
"incite","7"
"school","3"
"continue","1048"
"fume","4"
"interpose","1"
"bias","1"
"connive","1"
"trundle","3"
"shoot","694"
"vacate","7"
"realize","1209"
"radiate","37"
"brush","17"
"encroach","2"
"perish","77"
"unlock","26"
"last","350"
"stipulate","3"
"adapt","72"
"prosecute","1"
"wash","333"
"doubt","391"
"weight","4"
"merit","10"
"develop","296"
"dissemble","2"
"warn","434"
"unbend","1"
"warm","125"
"measure","171"
"redound","1"
"lash","1"
"congeal","2"
"page","3"
"assume","383"
"swim","211"
"scotch","1"
"predestine","2"
"chant","11"
"banish","11"
"house","17"
"wave","565"
"squabble","2"
"hitch","1"
"distend","1"
"bellow","31"
"ting","1"
"stare","547"
"secrete","6"
"intermingle","1"
"steady","16"
"vote","95"
"enclose","21"
"enhance","2"
"ravish","3"
"pain","19"
"harvest","11"
"juxtapose","4"
"quieten","3"
"thieve","3"
"slither","6"
"cuddle","1"
"wheeze","2"
"loathe","17"
"center","7"
"start","2697"
"purchase","82"
"reheat","1"
"exult","5"
"flaunt","2"
"manage","533"
"endorse","16"
"teem","8"
"wager","15"
"equal","17"
"bypass","6"
"marvel","22"
"fund","12"
"laud","2"
"seclude","1"
"alight","20"
"finance","7"
"mesmerize","2"
"stash","6"
"incur","1"
"inundate","3"
"recoil","8"
"shadow","5"
"regulate","38"
"encircle","6"
"superimpose","2"
"put","2421"
"climb","630"
"baptise","4"
"squawk","1"
"vilify","3"
"enter","1082"
"attain","45"
"trap","13"
"deprive","36"
"struggle","105"
"batter","6"
"bide","9"
"destroy","528"
"detonate","1"
"lapse","10"
"provide","277"
"allocate","1"
"light","438"
"forestall","8"
"impute","2"
"worship","23"
"muddle","1"
"muffle","6"
"pant","4"
"formulate","3"
"glorify","2"
"consume","35"
"shelve","4"
"smart","5"
"fuse","13"
"desist","6"
"rebound","7"
"assure","222"
"prop","43"
"growl","12"
"consult","42"
"tumble","30"
"smash","78"
"attest","4"
"entice","8"
"tire","105"
"fuss","1"
"undervalue","4"
"chain","2"
"survive","410"
"desire","159"
"twitch","20"
"prod","2"
"murmur","117"
"unify","15"
"hound","14"
"reverse","25"
"postulate","6"
"ravage","1"
"infest","1"
"redress","2"
"swop","1"
"chat","86"
"tweak","1"
"fetch","102"
"crumple","21"
"foster","9"
"clink","1"
"summarize","24"
"travel","319"
"cling","12"
"clip","6"
"beam","19"
"overpower","12"
"recapitulate","2"
"doom","35"
"tell","11269"
"replace","237"
"stomach","2"
"emulate","3"
"experience","255"
"listen","2600"
"flatten","9"
"hit","523"
"squash","1"
"bloom","13"
"denote","16"
"beat","304"
"interrupt","319"
"exhort","3"
"propagate","3"
"bear","870"
"consider","992"
"forebode","4"
"prescribe","22"
"necessitate","6"
"obtain","115"
"ambush","2"
"tack","6"
"pulverise","1"
"resist","191"
"dampen","1"
"straighten","98"
"bereave","1"
"water","28"
"stimulate","39"
"pause","21"
"savour","16"
"eclipse","3"
"congratulate","32"
"square","1"
"soak","13"
"soar","8"
"fetter","1"
"debilitate","2"
"commute","3"
"sustain","63"
"entertain","56"
"ease","46"
"request","105"
"classify","12"
"overrun","3"
"part","6"
"envision","1"
"shepherd","1"
"point","1196"
"penetrate","112"
"perpetrate","2"
"tend","66"
"mumble","78"
"resound","17"
"frighten","96"
"uphold","3"
"park","125"
"deserve","271"
"process","21"
"restore","77"
"sprout","2"
"exude","9"
"revenge","8"
"subscribe","4"
"clear","221"
"zoom","2"
"encounter","138"
"clean","283"
"sock","2"
"commiserate","3"
"build","477"
"mean","3606"
"approve","133"
"earn","210"
"baptize","22"
"chafe","4"
"interfere","46"
"further","3"
"hurry","281"
"account","5"
"tolerate","69"
"lug","9"
"stack","3"
"swivel","1"
"underline","14"
"resent","1"
"repulse","6"
"mime","1"
"stride","61"
"advance","73"
"opine","3"
"allay","2"
"tramp","12"
"crack","50"
"trip","2"
"bind","114"
"appreciate","132"
"trim","6"
"record","130"
"rally","4"
"Straighten","1"
"jump","637"
"happen","308"
"pass","1782"
"preoccupy","8"
"amble","2"
"shock","23"
"strew","3"
"bill","5"
"misuse","9"
"distort","2"
"venture","7"
"discern","13"
"transfix","1"
"dilate","5"
"replenish","8"
"intoxicate","1"
"compare","215"
"mirror","13"
"depict","27"
"Set","1"
"edify","6"
"impinge","3"
"shiver","106"
"hop","44"
"bequeath","14"
"solidify","1"
"rouse","53"
"mint","1"
"grasp","207"
"harmonize","1"
"spark","2"
"affix","3"
"grass","1"
"brag","8"
"term","16"
"override","1"
"spare","133"
"mine","10"
"mind","23"
"replicate","3"
"tail","8"
"involve","203"
"right","3"
"assemble","64"
"outrun","1"
"elude","34"
"march","172"
"blast","5"
"mutter","199"
"repel","4"
"meet","1937"
"answer","1704"
"stage","6"
"underscore","2"
"grumble","3"
"shoplift","2"
"cultivate","40"
"borrow","187"
"supersede","8"
"ruminate","5"
"showcase","1"
"thrive","8"
"desert","66"
"co-operate","12"
"represent","383"
"quarter","4"
"backtrack","2"
"ejaculate","1"
"compete","34"
"die","2205"
"dig","92"
"dispatch","38"
"sympathise","2"
"impel","7"
"promise","808"
"dip","55"
"paralyze","10"
"besiege","3"
"enmesh","2"
"hold","2947"
"trail","50"
"club","1"
"talk","3604"
"reply","1050"
"vanish","492"
"signal","23"
"vault","4"
"impair","5"
"train","55"
"venerate","2"
"stray","20"
"whoop","2"
"parcel","2"
"test","166"
"journey","6"
"cajole","1"
"count","421"
"exhaust","102"
"creep","28"
"strap","17"
"feast","2"
"take","9043"
"accompany","205"
"obviate","1"
"imbibe","2"
"blame","156"
"reckon","88"
"chuck","17"
"abet","3"
"distract","38"
"occasion","1"
"hinge","2"
"squeeze","106"
"loan","11"
"fudge","1"
"back","14"
"arraign","1"
"title","1"
"preempt","1"
"miss","497"
"pound","78"
"preen","2"
"load","83"
"trot","15"
"bite","4"
"ferry","3"
"corroborate","13"
"ignore","266"
"soften","15"
"applaud","35"
"trickle","19"
"notice","1124"
"relax","231"
"relay","8"
"monitor","43"
"outlast","4"
"permeate","8"
"disassociate","1"
"schedule","13"
"print","79"
"apprehend","33"
"relocate","15"
"inherit","75"
"interpret","22"
"terrorize","2"
"hug","143"
"grant","106"
"mire","1"
"append","3"
"attitudinize","1"
"explain","1822"
"ransom","1"
"sparkle","9"
"envy","89"
"convert","44"
"construct","41"
"hope","1661"
"attempt","165"
"collaborate","10"
"relish","8"
"melt","42"
"hook","6"
"balance","14"
"tape","6"
"stalk","14"
"exasperate","3"
"fathom","5"
"bend","190"
"lock","529"
"refrigerate","1"
"mimic","5"
"pitch","16"
"conjoin","2"
"fear","453"
"gauge","12"
"creak","11"
"chop","3"
"sense","396"
"protest","105"
"brew","15"
"menace","7"
"afford","229"
"singe","1"
"debunk","1"
"deflect","1"
"curse","30"
"appease","7"
"impede","12"
"evaluate","28"
"dog","3"
"maltreat","1"
"rebuff","4"
"shield","19"
"upset","32"
"tussle","1"
"enrol","2"
"curve","2"
"skid","6"
"skin","21"
"deliver","161"
"tailor","4"
"stamp","3"
"skim","10"
"skip","74"
"cleanse","14"
"disseminate","6"
"writhe","8"
"uncoil","4"
"notify","38"
"mention","485"
"file","94"
"stream","8"
"herald","6"
"nurse","25"
"accumulate","24"
"dwarf","1"
"heave","31"
"man","5"
"stand","1214"
"surround","230"
"nourish","1"
"map","10"
"osculate","1"
"mar","6"
"lengthen","22"
"forward","16"
"strike","464"
"subdue","14"
"torch","1"
"trigger","8"
"assimilate","2"
"withhold","5"
"parley","4"
"dishearten","1"
"overmaster","2"
"mend","45"
"return","2255"
"succour","5"
"rotate","44"
"bait","1"
"use","1948"
"subject","25"
"feel","4422"
"engulf","15"
"thrill","16"
"serve","546"
"lunge","6"
"cough","42"
"drown","129"
"astound","7"
"smile","1772"
"evict","23"
"convene","1"
"strip","70"
"liken","7"
"find","6846"
"host","1"
"accelerate","51"
"TRY","1"
"credit","5"
"alter","193"
"combine","59"
"waste","45"
"brook","5"
"insinuate","1"
"confiscate","1"
"crackle","18"
"occur","627"
"illustrate","12"
"dry","38"
"embroil","3"
"sort","26"
"film","14"
"pressure","6"
"fill","704"
"paralyse","6"
"brood","17"
"numb","1"
"feed","146"
"chuckle","4"
"forget","2233"
"originate","26"
"infer","13"
"dispose","16"
"position","13"
"present","168"
"curtail","5"
"glow","96"
"stupefy","3"
"disconcert","8"
"wrangle","2"
"belong","66"
"blend","10"
"best","1"
"conceive","76"
"mess","1"
"delete","19"
"predate","3"
"ball","1"
"transform","168"
"advise","225"
"redouble","9"
"repeat","990"
"sputter","1"
"agitate","8"
"make","5161"
"fulfil","19"
"categorize","1"
"repeal","2"
"familiarize","2"
"rebuke","8"
"brandish","15"
"compound","1"
"master","37"
"badger","2"
"waken","30"
"stake","7"
"dub","2"
"underlie","1"
"witness","53"
"fortify","6"
"jibe","1"
"complicate","23"
"puzzle","28"
"conform","10"
"bake","47"
"relent","3"
"lodge","16"
"simplify","19"
"annoy","47"
"profess","15"
"inform","139"
"depend","295"
"slake","2"
"glue","6"
"commit","138"
"miscarry","1"
"scream","296"
"outdo","12"
"cure","104"
"curb","8"
"envelop","27"
"baby-sit","4"
"crash","72"
"convulse","2"
"cover","598"
"patch","1"
"reflect","299"
"bank","5"
"outfit","1"
"scurry","2"
"consummate","2"
"bang","43"
"reassure","89"
"divulge","17"
"fire","324"
"stick","356"
"trample","9"
"extort","5"
"devolve","1"
"orbit","3"
"covet","18"
"comprise","23"
"moderate","3"
"distinguish","197"
"uplift","4"
"invent","157"
"execute","20"
"flood","31"
"benefit","10"
"labor","10"
"elongate","10"
"wield","18"
"overstep","6"
"boost","4"
"capsize","4"
"concur","12"
"shower","1"
"debar","2"
"shelter","12"
"expel","56"
"examine","460"
"overrule","4"
"scan","60"
"eliminate","39"
"believe","3092"
"fret","1"
"vomit","32"
"long","233"
"remember","3347"
"augment","1"
"entitle","8"
"outline","6"
"fade","83"
"metamorphose","6"
"glance","220"
"free","131"
"mix","101"
"deputise","2"
"acquit","18"
"honour","10"
"twinkle","6"
"bother","250"
"invade","11"
"prosper","9"
"wolf","1"
"weary","6"
"slant","2"
"bespeak","1"
"appeal","31"
"swamp","6"
"people","1"
"stay","1733"
"repine","1"
"dedicate","44"
"evolve","124"
"appear","1216"
"face","107"
"gyrate","2"
"abandon","275"
"stab","55"
"inspire","15"
"impart","16"
"negate","1"
"fish","41"
"progress","17"
"invite","480"
"glide","26"
"open","3248"
"devote","107"
"crumble","4"
"circumvent","3"
"treat","169"
"daydream","8"
"approximate","1"
"invest","4"
"consign","8"
"project","20"
"ice","1"
"nominate","3"
"tread","76"
"emboss","1"
"loom","2"
"reevaluate","1"
"budge","2"
"imperil","1"
"beseech","8"
"sever","10"
"loop","1"
"restrain","13"
"fend","2"
"rummage","16"
"bare","7"
"ruin","120"
"surprise","672"
"crane","1"
"abound","4"
"invert","5"
"celebrate","117"
"spill","26"
"pester","8"
"cradle","2"
"please","316"
"look","8364"
"hunger","4"
"darken","1"
"retch","3"
"disrupt","9"
"scar","1"
"attune","2"
"misfire","1"
"rankle","1"
"converse","29"
"inspect","140"
"salvage","14"
"allow","1012"
"dangle","54"
"gulp","37"
"defer","5"
"knock","394"
"fantasize","2"
"befall","26"
"upend","1"
"rule","99"
"detect","51"
"re-establish","2"
"revoke","7"
"update","2"
"purge","11"
"condemn","104"
"speed","44"
"allot","4"
"canvass","3"
"evert","1"
"admit","843"
"propel","5"
"mash","5"
"wonder","594"
"bath","48"
"mask","5"
"patrol","6"
"accustom","49"
"entail","5"
"apply","132"
"stew","5"
"overlook","43"
"commend","8"
"externalize","1"
"concoct","4"
"chastise","1"
"disagree","1"
"misplace","4"
"step","200"
"comment","35"
"bash","2"
"revolt","4"
"transcend","13"
"disgust","10"
"mark","130"
"stem","11"
"base","55"
"endanger","15"
"employ","97"
"coerce","3"
"subordinate","4"
"defuse","4"
"equalize","1"
"reminisce","28"
"tingle","2"
"reestablish","2"
"consist","157"
"ingest","1"
"prick","16"
"relate","101"
"enable","116"
"espy","2"
"deplore","8"
"zip","10"
"still","1"
"compress","15"
"work","2761"
"arise","136"
"lose","1969"
"constitute","68"
"cherish","7"
"outlive","15"
"agree","903"
"patronize","1"
"fail","241"
"indict","32"
"convince","439"
"mate","1"
"deputize","2"
"prolong","20"
"terminate","15"
"love","1666"
"broadcast","26"
"galvanize","1"
"steep","1"
"seize","252"
"excise","1"
"enjoy","533"
"nettle","1"
"shroud","16"
"caress","48"
"substitute","19"
"punch","22"
"nick","2"
"discontinue","5"
"falsify","3"
"fall","2380"
"illumine","2"
"blaze","28"
"scatter","14"
"violate","38"
"eat","1192"
"verify","35"
"steer","31"
"inaugurate","1"
"cramp","3"
"undergo","18"
"reward","52"
"finger","2"
"include","137"
"sympathize","3"
"erase","60"
"repent","5"
"swallow","361"
"ebb","4"
"inhabit","32"
"gratify","6"
"sting","26"
"abstract","2"
"nurture","13"
"buckle","2"
"stink","14"
"excel","9"
"culture","1"
"thump","29"
"abduct","6"
"bawl","7"
"fake","21"
"perambulate","1"
"stir","197"
"devour","36"
"unroll","9"
"nonplus","1"
"insult","84"
"span","2"
"voice","19"
"escort","46"
"wince","25"
"perfect","1"
"prefer","2"
"ascribe","19"
"butcher","1"
"enhearten","1"
"float","116"
"allure","2"
"cauterize","4"
"arrange","228"
"evade","30"
"disgorge","1"
"depart","97"
"exaggerate","43"
"demean","2"
"discover","1021"
"spell","29"
"imply","96"
"offset","1"
"tether","7"
"vex","8"
"excite","71"
"peruse","5"
"capture","109"
"solicit","2"
"poke","33"
"manufacture","31"
"thrust","51"
"enshroud","1"
"mug","4"
"commence","37"
"wriggle","18"
"repair","95"
"billet","3"
"steal","523"
"interact","4"
"insure","18"
"bombard","24"
"bestow","19"
"superintend","2"
"unwind","11"
"typeset","3"
"captivate","9"
"forsake","25"
"trace","56"
"empathize","2"
"blubber","2"
"spend","1119"
"endeavour","48"
"discriminate","7"
"camouflage","1"
"track","69"
"value","15"
"annex","1"
"procure","22"
"agonize","6"
"appertain","1"
"repay","10"
"stifle","37"
"overestimate","12"
"rush","216"
"command","83"
"demolish","13"
"embolden","5"
"trade","41"
"round","29"
"swarm","30"
"anticipate","89"
"detach","14"
"fabricate","12"
"spew","2"
"slash","1"
"transfigure","3"
"tally","3"
"seduce","62"
"weave","3"
"fare","9"
"urge","72"
"mislay","6"
"score","3"
"vie","6"
"quote","15"
"graduate","4"
"scorn","10"
"farm","5"
"silence","5"
"near","34"
"educate","19"
"utilise","3"
"ram","15"
"navigate","2"
"rap","2"
"instruct","12"
"upgrade","1"
"coalesce","4"
"pool","2"
"retell","2"
"stop","1911"
"guess","553"
"topple","14"
"detain","36"
"pilfer","4"
"contravene","1"
"institute","9"
"endure","137"
"feign","33"
"stow","16"
"exhale","56"
"hasten","47"
"cede","2"
"maneuver","1"
"sleep","1585"
"refuse","666"
"sicken","5"
"retire","82"
"efface","2"
"close","1223"
"sweep","5"
"descend","162"
"irk","2"
"slay","71"
"mitigate","3"
"learn","1744"
"signify","42"
"slink","1"
"unclose","2"
"unleash","8"
"oblige","72"
"disdain","1"
"slam","65"
"characterize","1"
"swing","63"
"refute","10"
"spin","144"
"dissect","3"
"emerge","93"
"lease","15"
"exploit","33"
"slap","25"
"scout","2"
"register","63"
"scour","2"
"couple","4"
"communicate","75"
"evidence","1"
"jerk","57"
"sprint","5"
"entangle","8"
"garnish","1"
"DO","6"
"fling","136"
"stun","32"
"spring","175"
"narrate","2"
"act","420"
"post","28"
"decelerate","3"
"leave","6043"
"duck","13"
"blush","4"
"shred","3"
"finish","674"
"disown","3"
"kindle","6"
"surrender","48"
"add","1163"
"liquidate","12"
"ratify","1"
"accede","3"
"need","3566"
"pose","41"
"amend","13"
"erupt","21"
"shade","10"
"collide","44"
"remedy","3"
"gather","341"
"jail","10"
"insist","329"
"consent","14"
"nullify","1"
"respect","102"
"purloin","3"
"retreat","52"
"unloose","1"
"ache","76"
"shell","6"
"loose","5"
"exchange","175"
"hesitate","457"
"trust","601"
"trounce","3"
"scoop","13"
"culminate","9"
"scamper","4"
"scoot","1"
"choose","967"
"paste","15"
"overtake","30"
"ride","543"
"prevent","334"
"expiate","1"
"behave","353"
"stretch","426"
"undo","14"
"accomplish","99"
"irritate","53"
"dislodge","1"
"end","748"
"enumerate","17"
"illuminate","37"
"estrange","15"
"vow","29"
"mistake","34"
"identify","80"
"embrace","179"
"intersect","18"
"protrude","13"
"pour","362"
"toil","20"
"enthrall","2"
"label","12"
"praise","77"
"modify","28"
"vouch","12"
"cram","2"
"mortify","1"
"re-echo","1"
"fulminate","1"
"betray","209"
"enunciate","4"
"pledge","3"
"detest","11"
"pronounce","114"
"deliberate","2"
"swear","300"
"age","26"
"taper","4"
"decorate","36"
"career","1"
"slacken","24"
"release","316"
"careen","1"
"charter","3"
"overbear","1"
"yearn","56"
"purify","9"
"rid","95"
"liberate","29"
"toll","2"
"nab","3"
"number","12"
"eject","5"
"aspire","7"
"rig","1"
"shorten","39"
"nag","1"
"explode","85"
"reinforce","28"
"punish","159"
"slack","2"
"rip","74"
"decline","103"
"narrow","68"
"brave","4"
"judge","230"
"rebut","2"
"manipulate","31"
"contradict","30"
"wiggle","5"
"scuffle","2"
"shape","32"
"embroider","1"
"extradite","1"
"specify","11"
"whistle","40"
"handle","100"
"wanna","152"
"quarry","2"
"exit","6"
"submerge","4"
"converge","1"
"compose","136"
"spot","210"
"circumscribe","2"
"aid","50"
"aim","133"
"ail","1"
"drench","2"
"retain","68"
"savor","44"
"air","2"
"unbolt","1"
"swell","4"
"remind","728"
"defeat","68"
"withstand","34"
"epitomize","1"
"encourage","140"
"accommodate","12"
"vacillate","3"
"yield","47"
"incriminate","3"
"administer","22"
"transplant","1"
"speak","3903"
"share","386"
"elucidate","4"
"prevaricate","1"
"elope","6"
"Believe","8"
"err","6"
"linger","17"
"USE","1"
"dispel","17"
"meditate","7"
"recollect","26"
"sham","3"
"slip","211"
"anchor","8"
"dislocate","2"
"cite","21"
"blurt","25"
"moan","11"
"pertain","9"
"shed","9"
"shake","373"
"honor","13"
"screen","4"
"correspond","75"
"spur","2"
"elapse","22"
"rear","15"
"undertake","22"
"impersonate","1"
"reap","11"
"presume","49"
"complement","17"
"qualify","3"
"read","2946"
"touch","1174"
"articulate","11"
"adhere","5"
"bluster","2"
"traverse","5"
"yell","162"
"foretell","22"
"swipe","2"
"scowl","40"
"activate","3"
"collect","202"
"inconvenience","2"
"endow","15"
"shame","5"
"precipitate","4"
"facilitate","16"
"rob","66"
"rile","1"
"quiver","60"
"favour","2"
"harden","3"
"disappoint","126"
"exalt","2"
"grunt","5"
"hurtle","20"
"snitch","2"
"define","50"
"predict","146"
"dictate","45"
"dump","4"
"flick","1"
"render","56"
"undermine","3"
"blossom","6"
"manifest","43"
"relieve","189"
"endeavor","5"
"enrage","1"
"distil","2"
"transport","38"
"sprain","8"
"untie","5"
"engage","58"
"earmark","2"
"whisper","849"
"transpose","1"
"revolve","32"
"collapse","54"
"summon","141"
"comprehend","92"
"reason","16"
"ring","508"
"maintain","184"
"taste","153"
"shift","132"
"implore","14"
"ship","10"
"echo","57"
"jab","7"
"rehabilitate","1"
"erect","29"
"bargain","2"
"annihilate","15"
"despatch","9"
"jam","6"
"construe","1"
"pivot","6"
"tote","2"
"resort","11"
"dance","333"
"testify","63"
"dwindle","20"
"boil","59"
"dissuade","12"
"encompass","13"
"dissociate","2"
"dunk","2"
"officiate","1"
"waver","16"
"nail","2"
"remain","1573"
"amaze","48"
"refine","3"
"reek","17"
"demand","232"
"toss","149"
"mount","79"
"confound","6"
"reel","2"
"prickle","2"
"acquiesce","3"
"slow","236"
"grade","3"
"deposit","29"
"dissipate","14"
"recount","38"
"scorch","8"
"flash","8"
"accuse","125"
"accentuate","9"
"guarantee","43"
"recommend","115"
"espouse","2"
"acquire","141"
"entwine","1"
"commingle","3"
"grace","2"
"indemnify","1"
"attribute","34"
"arm","24"
"broaden","17"
"retard","5"
"caper","4"
"stitch","5"
"triumph","20"
"esteem","6"
"poison","48"
"outweigh","6"
"slumber","1"
"suffocate","24"
"arouse","110"
"empower","2"
"suppress","106"
"outgrow","8"
"tour","2"
"persuade","248"
"call","5514"
"calm","148"
"refill","3"
"embellish","1"
"kick","177"
"retract","11"
"ask","7957"
"supervise","23"
"swerve","16"
"gossip","2"
"describe","636"
"grab","463"
"suck","3"
"countenance","1"
"rub","159"
"solace","1"
"rue","2"
"disregard","2"
"run","2172"
"dwell","31"
"incorporate","12"
"enact","4"
"bomb","8"
"recapture","3"
"boast","48"
"outshine","3"
"research","2"
"scrutinize","28"
"debate","15"
"extinguish","17"
"mother","2"
"view","89"
"reiterate","13"
"preach","50"
"segment","2"
"flank","2"
"forewarn","6"
"subjugate","4"
"donate","18"
"deplete","4"
"overvalue","1"
"clothe","15"
"slug","9"
"worry","251"
"imagine","1374"
"whack","5"
"incommode","1"
"mold","1"
"telephone","82"
"duplicate","6"
"consecrate","2"
"decrease","20"
"overlap","21"
"surmise","6"
"volunteer","12"
"debase","1"
"reopen","21"
"assassinate","4"
"name","114"
"mourn","1"
"bolt","2"
"migrate","1"
"shoo","3"
"crunch","4"
"nod","1255"
"shop","5"
"import","12"
"occupy","100"
"submit","43"
"abolish","34"
"abstain","4"
"attract","210"
"book","24"
"show","2084"
"intrude","9"
"snatch","62"
"blink","55"
"disappear","1008"
"renounce","9"
"magnify","11"
"button","27"
"crouch","3"
"impose","51"
"defend","309"
"ally","5"
"arrive","1161"
"thrash","11"
"pinch","16"
"rack","2"
"abbreviate","1"
"race","7"
"conquer","69"
"introduce","370"
"greet","126"
"situate","5"
"bond","1"
"target","4"
"obstruct","7"
"oust","1"
"mouth","2"
"droop","7"
"grind","22"
"refer","14"
"risk","1"
"rise","1256"
"flame","3"
"yank","17"
"play","1697"
"symbolize","19"
"discard","29"
"fancy","2"
"rebel","1"
"bounce","65"
"jig","2"
"decide","1489"
"loosen","67"
"vouchsafe","1"
"rent","102"
"babysit","7"
"cart","3"
"cast","141"
"hijack","4"
"crush","90"
"slice","5"
"frost","1"
"burrow","2"
"catch","1652"
"incline","32"
"embed","1"
"rend","2"
"plan","243"
"elevate","16"
"designate","93"
"clinch","2"
"give","4436"
"liven","1"
"counsel","25"
"double","41"
"carp","1"
"imbue","2"
"phone","155"
"rely","68"
"slide","159"
"moor","2"
"utilize","6"
"prevail","38"
"subside","20"
"suit","72"
"care","320"
"browse","6"
"damage","49"
"assault","34"
"vindicate","5"
"study","550"
"intensify","10"
"guard","155"
"harry","1"
"settle","341"
"direct","144"
"heighten","2"
"smother","16"
"exercise","31"
"gain","178"
"scrounge","2"
"labour","13"
"engross","1"
"bulldoze","1"
"confuse","116"
"cushion","3"
"scold","5"
"abate","2"
"hassle","8"
"wed","5"
"eschew","5"
"protect","482"
"amass","1"
"deign","5"
"dial","55"
"nudge","1"
"grin","127"
"stress","62"
"grip","180"
"explore","73"
"wet","12"
"display","83"
"shirk","3"
"deify","1"
"kill","1993"
"bore","161"
"wrong","10"
"criticize","49"
"spurt","4"
"waive","3"
"disquiet","1"
"whet","1"
"rage","48"
"behold","44"
"preside","13"
"spurn","5"
"board","44"
"stuff","42"
"persevere","1"
"shut","522"
"arrest","245"
"mature","8"
"retrace","2"
"alleviate","12"
"influence","100"
"disassemble","2"
"overflow","1"
"provoke","117"
"threaten","368"
"enrich","19"
"shun","10"
"foil","3"
"negotiate","51"
"strain","13"
"rain","183"
"hunt","161"
"tangle","9"
"intrigue","16"
"package","1"
"shatter","24"
"market","3"
"unburden","2"
"glimpse","70"
"transfer","112"
"keel","1"
"invigorate","2"
"phrase","2"
"overhaul","1"
"keep","3627"
"effect","7"
"omit","36"
"perceive","102"
"embarrass","1"
"raid","4"
"weigh","157"
"sponsor","1"
"prance","15"
"terrify","31"
"jog","4"
"ascertain","23"
"unveil","15"
"contribute","80"
"launder","2"
"insert","69"
"awaken","171"
"remark","155"
"forbid","170"
"jot","7"
"strangle","4"
"highlight","7"
"strive","64"
"reject","142"
"sag","9"
"compliment","5"
"strafe","2"
"diet","1"
"blunder","4"
"double-cross","1"
"win","614"
"profit","4"
"rest","418"
"breach","10"
"move","2326"
"amount","3"
"comply","13"
"entomb","2"
"spellbind","1"
"saw","11"
"bewilder","9"
"say","39114"
"increase","271"
"shine","347"
"differ","68"
"diminish","23"
"spread","297"
"surpass","18"
"fizzle","1"
"stagnate","1"
"visit","424"
"affiliate","1"
"rake","4"
"succumb","39"
"fib","4"
"unfold","62"
"parent","1"
"hearten","2"
"shunt","3"
"christen","23"
"bring","2318"
"alienate","3"
"awake","155"
"kiss","743"
"plague","6"
"ban","29"
"fascinate","9"
"offer","926"
"fit","70"
"suffer","530"
"fix","147"
"draft","5"
"perch","27"
"prowl","3"
"neglect","67"
"adjourn","13"
"grow","1068"
"carve","2"
"shrink","18"
"veil","9"
"proliferate","2"
"disclaim","3"
"extend","126"
"underestimate","38"
"fold","150"
"delay","56"
"hurl","34"
"plant","77"
"presuppose","36"
"drive","991"
"hurt","695"
"inscribe","16"
"deal","122"
"prove","317"
"abuse","26"
"exacerbate","1"
"affect","193"
"admire","245"
"drain","14"
"amuse","115"
"isolate","3"
"rape","86"
"amputate","1"
"see","20544"
"search","389"
"fool","11"
"enquire","3"
"relinquish","8"
"indicate","272"
"sidestep","2"
"symbolise","1"
"foot","4"
"plummet","12"
"contain","425"
"set","872"
"charge","66"
"litter","1"
"sew","35"
"jeopardise","1"
"punctuate","5"
"alternate","21"
"quicken","33"
"breathe","561"
"sample","5"
"jingle","1"
"integrate","1"
"assuage","5"
"recreate","1"
"battle","26"
"holler","14"
"fly","570"
"pique","1"
"plunge","41"
"petition","1"
"enchant","9"
"diagnose","1"
"decry","2"
"stigmatize","1"
"gape","18"
"tipple","1"
"clarify","25"
"betoken","1"
"beg","370"
"haunt","79"
"precede","59"
"ditch","1"
"scare","124"
"jut","6"
"grub","1"
"Remind","1"
"do","15779"
"stroll","46"
"observe","484"
"disillusion","7"
"furnish","28"
"bet","193"
"differentiate","16"
"criticise","14"
"Pose","1"
"discharge","21"
"exclude","34"
"enlighten","6"
"perturb","1"
"deduct","4"
"snarl","2"
"douse","9"
"portray","7"
"blight","1"
"complain","214"
"scrub","2"
"splay","6"
"affirm","10"
"collate","1"
"usurp","3"
"renovate","2"
"condone","3"
"waggle","1"
"piece","2"
"adjust","99"
"excrete","1"
"garb","1"
"carry","1280"
"burst","102"
"frame","3"
"debauch","1"
"clamber","27"
"forgive","83"
"deem","35"
"stiffen","40"
"clash","2"
"compel","55"
"overturn","12"
"depress","6"
"parade","7"
"sic","1"
"incarcerate","7"
"repress","8"
"burden","6"
"salute","4"
"clasp","65"
"dine","2"
"overhang","6"
"alert","30"
"plot","12"
"rate","3"
"sanction","1"
"deduce","28"
"await","253"
"trouble","100"
"divide","236"
"sip","54"
"class","1"
"contend","6"
"sit","6236"
"rehearse","13"
"thwart","3"
"gamble","8"
"plod","1"
"splice","3"
"bound","9"
"shackle","3"
"go","13975"
"falter","2"
"counter","7"
"conserve","4"
"stroke","185"
"unmask","3"
"breed","23"
"tease","20"
"parry","4"
"descry","1"
"form","307"
"appraise","9"
"implicate","8"
"coagulate","1"
"waylay","3"
"publish","243"
"avoid","607"
"renew","32"
"lull","1"
"bid","44"
"astonish","47"
"prompt","15"
"polemicize","1"
"withdraw","160"
"assign","48"
"elaborate","9"
"practice","46"
"select","127"
"gawp","1"
"fulfill","67"
"crowd","8"
"deprave","1"
"languish","1"
"repose","4"
"invoke","4"
"divine","1"
"disbelieve","1"
"slaughter","14"
"abhor","1"
"flourish","18"
"transcribe","1"
"ski","8"
"fatigue","5"
"contemplate","52"
"recognise","170"
"model","2"
"join","506"
"drag","237"
"decease","1"
"clamp","20"
"reduce","123"
"sentence","36"
"inquire","90"
"issue","91"
"lower","236"
"expunge","1"
"rave","2"
"announce","484"
"drink","943"
"decree","7"
"operate","138"
"intercept","11"
"supplement","9"
"gladden","1"
"contrast","11"
"defy","8"
"reconsider","3"
"begin","5593"
"become","14"
"admonish","5"
"widen","62"
"mediate","7"
"accrue","2"
"penalize","3"
"amplify","8"
"goggle","2"
"lure","17"
"whirl","17"
"recede","26"
"delegate","1"
"dissolve","74"
"digest","27"
"slump","9"
"veto","1"
"congregate","4"
"delight","46"
"side","1"
"disembark","16"
"break","989"
"change","1627"
"predominate","17"
"draw","814"
"comfort","98"
"hide","1123"
"scrutinise","3"
"clang","2"
"condescend","3"
"report","385"
"stabilize","5"
"complete","138"
"shuffle","10"
"compensate","9"
"idolize","2"
"disburse","2"
"squirm","21"
"sigh","292"
"lament","3"
"certify","4"
"sign","429"
"mislead","14"
"outrage","4"
"diffuse","5"
"coax","6"
"scramble","15"
"salve","1"
"adumbrate","1"
"sift","1"
"download","1"
"split","30"
"skirt","7"
"immerse","17"
"marshal","4"
"limit","71"
"lust","4"
"claim","45"
"FIND","1"
"overbalance","1"
"undress","73"
"durst","1"
"pre-empt","1"
"fasten","53"
"contest","22"
"level","18"
"clench","21"
"beget","2"
"preserve","211"
"establish","195"
"wrench","15"
"raze","2"
"deter","17"
"lurk","45"
"license","3"
"puff","2"
"coat","5"
"expand","73"
"bob","15"
"gaze","452"
"dream","522"
"squander","3"
"confide","103"
"proclaim","40"
"survey","60"
"retrieve","43"
"jolt","1"
"postpone","54"
"spy","6"
"jeopardize","7"
"heat","22"
"hammer","33"
"displace","12"
"blab","1"
"seal","21"
"apportion","1"
"box","1"
"bow","61"
"investigate","80"
"wobble","4"
"switch","137"
"head","120"
"total","1"
"heal","53"
"reserve","10"
"dive","40"
"heap","2"
"hear","6908"
"fight","523"
"rescue","121"
"cripple","6"
"console","71"
"recover","116"
"determine","363"
"wheel","18"
"devastate","7"
"cross","579"
"exonerate","3"
"control","248"
"drill","4"
"confer","6"
"unmake","2"
"acknowledge","98"
"equip","44"
"ameliorate","1"
"quarrel","68"
"overthrow","29"
"cock","7"
"inflict","27"
"knit","12"
"mould","6"
"stumble","20"
"transmute","3"
"hoard","3"
"elbow","2"
"vary","43"
"stoop","41"
"paint","351"
"wrest","2"
"apologise","21"
"discipline","2"
"ponder","88"
"transgress","1"
"animate","1"
"injure","44"
"freeze","82"
"exert","6"
"lighten","6"
"hinder","27"
"estimate","66"
"strengthen","76"
"scent","7"
"exhibit","28"
"brand","15"
"pinpoint","8"
"choke","36"
"deny","241"
"edit","6"
"gotta","207"
"subtract","3"
"unscrew","2"
"puke","2"
"swathe","3"
"accept","699"
"seat","86"
"wheedle","3"
"adopt","77"
"wander","176"
"expire","27"
"hustle","7"
"affront","3"
"oppose","20"
"tarry","3"
"sue","43"
"sermonize","1"
"overcome","150"
"cooperate","51"
"sum","23"
"delve","2"
"recite","6"
"seek","568"
"seem","2312"
"obliterate","5"
"oppress","2"
"waltz","2"
"disturb","173"
"adore","96"
"lecture","39"
"persist","44"
"pump","3"
"caution","16"
"pierce","35"
"bewitch","9"
"incense","3"
"storm","10"
"speculate","40"
"shudder","12"
"launch","26"
"store","39"
"heed","13"
"adorn","26"
"quell","2"
"dismantle","8"
"flower","4"
"confirm","260"
"single","13"
"pull","1146"
"molest","9"
"scourge","2"
"bug","6"
"cloak","2"
"appoint","26"
"acquaint","18"
"assist","85"
"intervene","40"
"ELECT","1"
"ignite","11"
"stoke","2"
"declare","255"
"separate","193"
"buy","1317"
"express","367"
"confine","30"
"advocate","7"
"quest","1"
"elicit","38"
"up","5"
"generate","30"
"tuck","18"
"coil","4"
"ensure","75"
"sink","253"
"query","3"
"suppose","648"
"scruple","3"
"thin","1"
"brake","5"
"extract","59"
"obscure","14"
"dismay","1"
"forge","6"
"expend","12"
"solve","143"
"quake","1"
"sing","862"
"demonstrate","126"
"heft","2"
"organise","8"
"support","169"
"enfold","8"
"deceive","72"
"coin","6"
"drop","813"
"hire","250"
"imprint","6"
"decompose","7"
"throng","2"
"hearken","1"
"gag","1"
"saunter","1"
"damp","1"
"flush","1"
"cringe","8"
"screw","3"
"assent","6"
"emphasize","49"
"shriek","32"
"decamp","1"
"brighten","6"
"figure","61"
"preclude","3"
"corrupt","6"
"teach","768"
"transmit","55"
"commemorate","3"
"argue","254"
"weaken","22"
"damn","1"
"belie","2"
"daunt","1"
"deepen","61"
"succeed","248"
"forego","1"
"revel","11"
"bluff","1"
"advertise","6"
"compromise","2"
"sack","11"
"torment","71"
"reach","1266"
"type","40"
"hiss","1"
"recant","4"
"practise","55"
"disarticulate","1"
"justify","13"
"review","15"
"sight","19"
"weather","1"
"roar","116"
"tighten","5"
"roam","38"
"enshrine","1"
"simulate","8"
"guide","131"
"segue","1"
"souse","1"
"lambaste","1"
"collar","1"
"contract","21"
"conclude","117"
"scroll","1"
"come","11184"
"push","531"
"exist","777"
"countermand","1"
"purr","26"
"assail","23"
"LOSE","2"
"lift","661"
"force","573"
"goad","1"
"gambol","1"
"flag","1"
"suffuse","4"
"trudge","6"
"wear","1785"
"range","1"
"wean","4"
"derive","38"
"disprove","8"
"cope","19"
"rock","43"
"overhear","68"
"confess","283"
"impress","44"
"leak","19"
"dart","12"
"flay","4"
"predetermine","1"
"lean","704"
"feature","6"
"assert","12"
"get","6535"
"recall","484"
"climax","3"
"darn","1"
"leap","308"
"flap","17"
"copy","59"
"place","596"
"dare","71"
"dispute","6"
"overstate","3"
"cook","158"
"sell","699"
"suggest","462"
"suspect","228"
"abide","13"
"apologize","211"
"contrive","4"
"lead","1314"
"filter","17"
"expect","1634"
"help","2238"
"cease","296"
"soothe","26"
"assess","40"
"mingle","50"
"rename","8"
"braid","2"
"owe","146"
"drape","10"
"date","27"
"dress","410"
"blot","8"
"reveal","443"
"utter","99"
"own","243"
"sound","612"
"vibrate","18"
"plait","4"
"translate","216"
"escalate","2"
"condense","2"
"revitalize","2"
"substantiate","4"
"divert","24"
"create","507"
"tag","1"
"blow","107"
"tan","2"
"tap","51"
"like","1799"
"titillate","1"
"tax","2"
"replay","5"
"constrain","11"
"flabbergast","7"
"delude","9"
"startle","73"
"reaffirm","2"
"enforce","6"
"ground","1"
"dash","44"
"flunk","4"
"send","1992"
"note","130"
"sail","33"
"regret","178"
"abridge","1"
"purpose","1"
"line","1"
"link","102"
"exile","2"
"flee","310"
"scale","1"
"forage","3"
"hedge","2"
"weep","219"
"tune","18"
"hoist","39"
"can","1"
"award","15"
"subdivide","10"
"organize","55"
"surmount","4"
"ready","7"
"readjust","3"
"flex","1"
"alarm","21"
"station","4"
"shimmer","3"
"fester","1"
"smooth","6"
"satisfy","143"
"will","10"
"plight","1"
"smoke","229"
"match","68"
"fault","2"
"follow","1647"
"hail","20"
"accent","1"
"beckon","10"
"interrogate","62"
"divest","3"
"emphasise","27"
"challenge","41"
"unearth","7"
"emit","56"
"intend","335"
"rival","6"
"snap","38"
