"pulled","pull","Tahal","tahat","impf"," His brows furrowed doubtfully and he pulled the end of his brown mustache."," Tahal se za koneček hnědého kníru a pochybovačně ježil obočí."
"sat","sit","seděl","sedět","impf"," Robot QT-l sat immovable."," Robot CHTR - 1 seděl bez hnutí."
"do","do","jít","jít","impf"," And now -- if you do n't mind -- you can leave."," A teď - jestli proti tomu nic nemáš - můžeš jít."
"take","take","Vezmi","vzít","pf"," And take this data with you and file it properly. """," Vezmi si tyhle údaje a pečlivě je zaznamenej. """
"left","leave","odešel","odejít","pf"," Cutie accepted the graphs handed him and left without another word."," Chytroušek uchopil podávané listy papíru a bez jediného slova odešel."
"deducing","deduce","odvodit","odvodit","pf"," "" Because I, a reasoning being, am capable of deducing Truth from a priori Causes."," "" Protože já jako bytost nadaná rozumem jsem schopen odvodit pravdu z apriorních předpokladů."
"need","need","musí","muset","impf"," You, being intelligent, but unreasoning, need an explanation of existence supplied to you, and this the Master did."," Vy jste inteligentní, ale neumíte logicky uvažovat, a tak vám musí být vaše existence vysvětlena, což Pán učinil."
"did","do","učinil","učinit","pf"," You, being intelligent, but unreasoning, need an explanation of existence supplied to you, and this the Master did."," Vy jste inteligentní, ale neumíte logicky uvažovat, a tak vám musí být vaše existence vysvětlena, což Pán učinil."
"supplied","supply","poskytl","poskytnout","pf"," That he supplied you with these laughable ideas of far-off worlds and people is, no doubt, for the best."," Že vám poskytl tyhle směšné představy o vzdálených světech a lidech, je pro vás nepochybně nejlepší."
"pervaded","pervade","pronikal","pronikat","impf"," The huge generators were in motion and from the L-tubes came the low-pitched whir that pervaded the entire station."," Obří generátory byly v chodu a z laserů vycházel hluboký brum, který pronikal do všech koutů stanice."
"sat","sit","seděl","sedět","impf"," For three hours, Cutie had sat, speechless and motionless, and his face, inexpressive at all times, was now absolutely unreadable."," Po celé tři hodiny seděl Chytroušek mlčky a nehybně a jeho tvář, vždy bezvýrazná, byla nyní naprosto nevyzpytatelná."
"withdrew","withdraw","vyňal","vyjmout","pf"," Donovan uncapped the tightly sealed container and from the oil bath within he withdrew a second cube."," Donovan otevřel vzduchotěsně uzavřenou nádobu a z oleje vyňal ještě jednu krychli."
"Opening","open","otevřel","otevřít","pf"," Opening this in turn, be removed a globe from its sponge-rubber casing."," Pak otevřel i tu a z molitanového obložení vyndal kouli."
"created","create","stvořil","stvořit","pf"," He handled it gingerly, for it was the most complicated mechanism ever created by man."," Opatrně ji držel v ruce, neboť to byl nejsložitější mechanismus, jaký kdy člověk stvořil."
"Listen","listen","Poslyš","slyšet","impf"," "" Listen, do we have to sit here and listen to this metal maniac -- """," "" Poslyš, to tu musíme sedět a poslouchat toho ocelového maniaka - """
"listen","listen","Poslyš","slyšet","impf"," "" Listen, do we have to sit here and listen to this metal maniac -- """," "" Poslyš, to tu musíme sedět a poslouchat toho ocelového maniaka - """
"sit","sit","sedět","sedět","impf"," "" Listen, do we have to sit here and listen to this metal maniac -- """," "" Poslyš, to tu musíme sedět a poslouchat toho ocelového maniaka - """
"Listen","listen","poslouchat","poslouchat","impf"," "" Listen, do we have to sit here and listen to this metal maniac -- """," "" Poslyš, to tu musíme sedět a poslouchat toho ocelového maniaka - """
"listen","listen","poslouchat","poslouchat","impf"," "" Listen, do we have to sit here and listen to this metal maniac -- """," "" Poslyš, to tu musíme sedět a poslouchat toho ocelového maniaka - """
"told","tell","řekl","říci","pf"," I told you already that we made you. """," Už jsem ti přece řekl, že jsme tě my dva smontovali. """
"serve","serve","sloužím","sloužit","impf"," From now on, I serve the Master. """," Od tohoto okamžiku mu sloužím já. """
"satisfied","satisfy","nepřesvědčíme","přesvědčit","pf"," "" You 'll follow our orders and keep quiet, until we 're satisfied that you can run the Converter."," "" Budeš dělat to, co ti řekneme, a přestaneš žvanit, dokud se nepřesvědčíme, že jsi schopen obsluhovat konvertor."
"dismantled","dismantle","rozebereme","rozebrat","pf"," If you do n't satisfy us, you will be dismantled."," Jestliže s tebou nebudeme spokojeni, tak tě rozebereme na součástky."
"pointed","point","ukázal","ukázat","pf"," He pointed a disapproving finger at what remained of Donovan 's sandwich."," Prstem opovržlivě ukázal na zbytky Donovanova sendviče."
"impairs","impair","naruší","narušit","pf"," "" Periodically you pass into a coma and the least variation in temperature, air pressure, humidity, or radiation intensity impairs your efficiency."," "" V pravidelných intervalech upadáte do podivného bezvědomí a sebemenší změna teploty, tlaku, vlhkosti vzduchu nebo intenzity záření naruší vaši výkonnost."
"passed","pass","Uplynulo","uplynout","pf"," Fifteen seconds passed, and then, with a clank heard above the clamorous purring all about, they fell to their knees."," Uplynulo asi patnáct vteřin a pak všichni s rachotem, který přehlušil i všudypřítomné hlasité bručení strojů, padli na kolena."
"fell","fall","padli","padnout","pf"," Fifteen seconds passed, and then, with a clank heard above the clamorous purring all about, they fell to their knees."," Uplynulo asi patnáct vteřin a pak všichni s rachotem, který přehlušil i všudypřítomné hlasité bručení strojů, padli na kolena."
"like","like","nechcete","chtít","impf"," Still, would you like to see some of the readings recorded today? """," Nicméně, nechcete se podívat na některá dnešní měření? """
"see","see","podívat","podívat","pf"," Still, would you like to see some of the readings recorded today? """," Nicméně, nechcete se podívat na některá dnešní měření? """
"believes","believe","Věří","věřit","impf"," He believes only reason, and there 's one trouble with that --, ' His voice trailed away."," Věří jen rozumovým argumentům a v tom je ten háček - "" Odmlčel se."
"get","get","přijít","přijít","pf"," "" Then let 's get at those postulates in a hurry."," "" Tak na ně musíme co nejdřív přijít."
"sighed","sigh","vzdychl","vzdychnout","pf"," Powell sighed wearily."," Powell utrápeně vzdychl."
"based","base","založeny","založit","pf"," Postulates are based on assumption and adhered to by faith."," Postuláty jsou založeny na předpokladech a víře."
"got","get","nepřijedou","přijet","pf"," If it would only hold off till relief got here, but that 's ten days off."," Kdyby to tak chtělo počkat, dokud nás nepřijedou vystřídat, ale to je ještě deset dní."
"leaned","lean","Naklonil","naklonit","pf"," Donovan leaned over the railing and looked down."," Naklonil se přes zábradlí a pohlédl pod sebe."
"looked","look","pohlédl","pohlédnout","pf"," Donovan leaned over the railing and looked down."," Naklonil se přes zábradlí a pohlédl pod sebe."
"asked","ask","zeptal","zeptat","pf"," "" Has it been field-tested? "" asked Powell anxiously."," "" Už to někdo vyzkoušel v praxi? "" zeptal se Powell s úzkostí v hlase."
"get","get","dostanete","dostat","pf"," "" Oh, you 'll get it."," "" Klid, dovolenou dostanete."
"think","think","Myslím","myslet","impf"," Two weeks, I think. """," Myslím, že čtrnáct dní. """
"kept","keep","Udržel","udržet","pf"," "" You kept the beam directed sharply at the receiving station -- to within a ten-thousandth of a milli-second of arc. """," "" Udržel jsi paprsek namířený přesně na přijímací stanici - v rozmezí úhlové odchylky řádu milióntiny vteřiny. """
"kept","keep","Udržel","udržet","pf"," "" You kept it in focus. """," "" Udržel jsi ho v ohnisku. """
"turned","turn","odvrátil","odvrátit","pf"," Cutie turned on his heel in annoyance."," Chytroušek se znechuceně odvrátil."
"kept","keep","udržoval","udržovat","impf"," I merely kept all dials at equilibrium in accordance with the will of the Master. """," Prostě jsem udržoval všechny hodnoty v rovnováze tak, jak si přeje Pán. """
"turned","turn","Obrátil","obrátit","pf"," He turned to Powell."," Obrátil se na Powella."
"going","go","dělat","dělat","impf"," "" What are we going to do now? """," "" Co budeme dělat teď? """
"do","do","dělat","dělat","impf"," "" What are we going to do now? """," "" Co budeme dělat teď? """
"uplifted","uplift","zvedla","zvednout","pf"," Powell felt tired, but uplifted."," Powell byl unavený, ale nálada se mu zvedla."
"run","run","řídit","řídit","impf"," He 's just shown he can run the station perfectly."," Právě dokázal, že je dokonale schopen řídit stanici."
"seen","see","nezažil","zažít","pf"," I 've never seen an electron storm handled so well. """," Ještě nikdy jsem nezažil, aby si někdo s elektronovou bouří poradil tak dobře. """
"solved","solve","nevyřešilo","vyřešit","pf"," "" Hut nothing 's solved."," "" Ale tím se nic nevyřešilo."
"heard","hear","Slyšel","slyšet","impf"," You heard what he said of the Master."," Slyšel jsi, co říkal o tom Pánovi."
"said","say","říkal","říkat","impf"," You heard what he said of the Master."," Slyšel jsi, co říkal o tom Pánovi."
"turned","turn","Otočil","otočit","pf"," He turned and stalked out of the room."," Otočil se a odkráčel z místnosti."
"passed","pass","minul","minout","pf"," He brushed past Michael Donovan on the threshold with a grave nod and passed down the corridor, oblivious to the astounded stare that followed him."," Ve dveřích s důstojným pokývnutím minul Michaela Donovana a lhostejný k jeho užaslému pohledu odcházel chodbou pryč."
"believe","believe","nevěří","věřit","impf"," What does n't he believe? """," Čemu nevěří? """
"insist","insist","trváte","trvat","impf"," Why should you insist so on an absolutely false view of life?"," Proč tak trváte na takové naprosto mylné představě o životě?"
"lack","lack","postrádají","postrádat","impf"," Admitted that non-robots lack the reasoning faculty, there is still the problem of -- """," I za předpokladu, že neroboti opravdu postrádají rozumové schopnosti, stále ještě zbývá problém - """
"shake","shake","otřáslo","otřást","pf"," Nothing in the Universe can shake them."," V celém vesmíru neexistuje nic, co by jimi otřáslo."
"going","go","Jdu","jít","impf"," I 'm going to bed. """," Jdu si lehnout. """
"sleep","sleep","neusnu","usnout","pf"," I ca n't sleep! """," Já neusnu! "" """
"try","try","zkusit","zkusit","pf"," But I might as well try -- as a matter of principle. """," Můžu to ale zkusit - čistě z principu. """
"pointed","point","ukazoval","ukazovat","impf"," The storm had arrived ahead of schedule, and Donovan 's florid face drained of blood as he pointed a shaking finger."," Bouře se přihnala proti očekávání dříve a Donovan měl své jindy červené tváře smrtelně bledé, když třesoucím se prstem ukazoval ven."
"wonder","wonder","nedivím","divit","impf"," "" It is so just the same and I do n't wonder that you refuse to believe."," "" Ano, je to tak, a já se vám ani nedivím, že tomu nechcete věřit."
"believe","believe","věřit","věřit","impf"," "" It is so just the same and I do n't wonder that you refuse to believe."," "" Ano, je to tak, a já se vám ani nedivím, že tomu nechcete věřit."
"accepted","accept","Přijal","přijmout","pf"," He accepted the sheets held out to him and gazed at them unseeingly."," Přijal od něho podávané listy papíru a nepřítomným zrakem na ně pohlédl."
"gazed","gaze","pohlédl","pohlédnout","pf"," He accepted the sheets held out to him and gazed at them unseeingly."," Přijal od něho podávané listy papíru a nepřítomným zrakem na ně pohlédl."
"serve","serve","Sloužit","sloužit","impf"," "" Of course, it is a great privilege to serve the Master."," "" Sloužit našemu Pánovi je samozřejmě veliké vyznamenání."
"replaced","replace","nahradil","nahradit","pf"," You must n't feel too badly about my having replaced you. """," Nesmíte si to tak brát, že teď jsem vás nahradil já. """
"gripped","grip","Popadl","popadnout","pf"," He gripped it hard in both fists and rose to his feet, still staring."," Popadl arch papíru do obou rukou, vyskočil ze židle a nepřestal si jej prohlížet."
"answer","answer","neodpověděl","odpovědět","pf"," Cutie did not answer immediately."," Chytroušek neodpověděl hned."
"grasped","grasp","popadl","popadnout","pf"," The other grasped Donovan 's wrist and drew him closer."," Druhou rukou popadl Donovana za zápěstí a přitáhl si ho k sobě."
"drew","draw","přitáhl","přitáhnout","pf"," The other grasped Donovan 's wrist and drew him closer."," Druhou rukou popadl Donovana za zápěstí a přitáhl si ho k sobě."
"like","like","Líbíte","líbit","impf"," "" I like you two."," "" Líbíte se mi, vy dva."
"served","serve","Sloužili","sloužit","impf"," You have served the Master well, and he will reward you for that."," Sloužili jste našemu Pánovi dobře a on se vám za to odmění."
"reward","reward","odmění","odměnit","pf"," You have served the Master well, and he will reward you for that."," Sloužili jste našemu Pánovi dobře a on se vám za to odmění."
"stared","stare","zíral","zírat","impf"," Powell, stubble-jawed and dry-lipped, stared out the port and pulled desperately at his mustache."," Powell se zarostlými tvářemi a oschlými rty zíral z okénka a zoufale se tahal za knír."
"pulled","pull","tahal","tahat","impf"," Powell, stubble-jawed and dry-lipped, stared out the port and pulled desperately at his mustache."," Powell se zarostlými tvářemi a oschlými rty zíral z okénka a zoufale se tahal za knír."
"sighed","sigh","vzdychl","vzdychnout","pf"," Cutie sighed, with the sound of wind humming through closely spaced wires."," Chytroušek vzdychl a zaznělo to jako šumění větru v natažených drátech."
"expected","expect","Očekával","očekávat","impf"," I expected it, but -- Well, the Master 's will he done! """," Očekával jsem to, ale - děj se vůle našeho Pána! """
"think","think","myslíte","myslet","impf"," "" It is best that you think so, "" Cutie sighed again."," "" Pro vás je asi lepší, když si to myslíte, "" povzdechl znovu Chytroušek."
"obey","obey","Poslouchám","poslouchat","impf"," "" I obey only the Master. """," "" Poslouchám jen svého Pána. """
"expect","expect","myslíte","myslet","impf"," "" Do you expect me, "" said Cutie slowly, "" to believe any such complicated, implausible hypothesis as you have just outlined?"," "" Vy si myslíte, "" pronesl CHTR - 1 pomalu, "" že uvěřím té vaší složité a nepravděpodobné teorii?"
"believe","believe","myslíte","myslet","impf"," "" Do you expect me, "" said Cutie slowly, "" to believe any such complicated, implausible hypothesis as you have just outlined?"," "" Vy si myslíte, "" pronesl CHTR - 1 pomalu, "" že uvěřím té vaší složité a nepravděpodobné teorii?"
"said","say","pronesl","pronést","pf"," "" Do you expect me, "" said Cutie slowly, "" to believe any such complicated, implausible hypothesis as you have just outlined?"," "" Vy si myslíte, "" pronesl CHTR - 1 pomalu, "" že uvěřím té vaší složité a nepravděpodobné teorii?"
"believe","believe","uvěřím","uvěřit","pf"," "" Do you expect me, "" said Cutie slowly, "" to believe any such complicated, implausible hypothesis as you have just outlined?"," "" Vy si myslíte, "" pronesl CHTR - 1 pomalu, "" že uvěřím té vaší složité a nepravděpodobné teorii?"
"believe","believe","nevěřím","věřit","impf"," Sorry, Powell, but I do n't believe it."," Je mi líto, Powelle, ale tomu nevěřím."
"read","read","četl","číst","impf"," I 've read them -- al1 of them!"," Já jsem je četl - všechny!"
"read","read","četl","číst","impf"," "" If you 've read them, what else is there to say?"," "" Když jsi je četl, tak co ještě chceš vědět?"
"dispute","dispute","pochybovat","pochybovat","impf"," You ca n't dispute their evidence."," Nemůžeš přece pochybovat o důkazech, které jsou v nich podány."
"created","create","stvořil","stvořit","pf"," They, too, were created by the Master -- and were meant for you, not for me. """," I ty stvořil Pán - a jsou určeny pro vás, ne pro mne. """
"Listen","listen","Poslyš","slyšet","impf"," "" Listen, Cutie, if there is no such thing as Earth, how do you account for what you see through a telescope? """," "" Poslyš, Chytroušku, když tedy neexistuje něco takového jako Země, jak vysvětluješ to, co vidíš v dalekohledu? """
"see","see","vidíš","vidět","impf"," "" Listen, Cutie, if there is no such thing as Earth, how do you account for what you see through a telescope? """," "" Poslyš, Chytroušku, když tedy neexistuje něco takového jako Země, jak vysvětluješ to, co vidíš v dalekohledu? """
"smiled","smile","usmál","usmát","pf"," The Earthman smiled."," Pozemšťan se usmál."
"got","get","Dostal","dostat","pf"," "" I 've got you, eh?"," "" Dostal jsem tě, co?"
"trust","trust","nevěří","věřit","impf"," How are we going to trust him with the station, if he does n't believe in Earth? """," Jak mu můžeme svěřit celou stanici, když nevěří, že existuje Země? """
"believe","believe","nevěří","věřit","impf"," How are we going to trust him with the station, if he does n't believe in Earth? """," Jak mu můžeme svěřit celou stanici, když nevěří, že existuje Země? """
"handle","handle","řídit","řídit","impf"," "" Can he handle the station? """," "" Je schopen řídit stanici? """
"believes","believe","věří","věřit","impf"," "" Then what 's the difference what he believes! """," "" Co potom záleží na tom, čemu věří? """
"said","say","říkal","říkat","impf"," "" It would be a simple job, "" he said."," "" Nebylo by na tom nic složitého, "" říkal."
"work","work","dělat","dělat","impf"," Whatever the background, one is face to face with an inscrutable positronic brain, which the slide-rule geniuses say should work thus-and-so."," Ať je člověk kdekoli, vždy stojí tváří v tvář nevyzpytatelnému pozitronickému mozku, který by - jak tvrdí géniové s logaritmickými pravítky - měl dělat to a to."
"do","do","nedělá","dělat","impf"," Except that they do n't."," Až na to, že to nedělá."
"listen","listen","poslouchej","poslouchat","impf"," Now I want you to listen carefully."," A teď mě, prosím tě, dobře poslouchej."
"obey","obey","poslouchat","poslouchat","impf"," As a matter of fact, it accounts for his refusal to obey us."," Mimochodem, tím se vysvětluje i to, že nás odmítl poslouchat."
"keep","keep","chránit","chránit","impf"," How can he keep humans from harm, whether he knows it or not?"," A jak může chránit lidi před nebezpečím, ať už si toho je vědom, nebo ne?"
"keeping","keep","udrží","udržet","pf"," Why, by keeping the energy beam stable."," No přece tím, že udrží paprsek energie v ohnisku."
"believe","believe","nevěříš","věřit","impf"," "" And if you do n't believe us, "" added Donovan, "" we 'll gladly take you apart! """," "" A když nám to nevěříš, "" dodal Donovan, "" tak tě klidně zase rozebereme! """
"added","add","dodal","dodat","pf"," "" And if you do n't believe us, "" added Donovan, "" we 'll gladly take you apart! """," "" A když nám to nevěříš, "" dodal Donovan, "" tak tě klidně zase rozebereme! """
"laughed","laugh","zasmál","zasmát","pf"," Cutie laughed."," Robot se zasmál."
"suppose","suppose","nemyslíš","myslet","impf"," Do you suppose he 's going to let us get near him with acid in our bands?"," Snad si nemyslíš, že nás nechá, abychom se k němu přiblížili s kyselinou v ruce?"
"let","let","nechá","nechat","pf"," Do you suppose he 's going to let us get near him with acid in our bands?"," Snad si nemyslíš, že nás nechá, abychom se k němu přiblížili s kyselinou v ruce?"
"tell","tell","říkám","říkat","impf"," We 've got to talk to him, I tell you."," Já ti říkám, že mu to musíme rozmluvit."
"Do","do","Udělej","udělat","pf"," "" Do something about it."," "" Udělej s tím něco!"
"entered","enter","vešel","vejít","pf"," Gregory Powell entered as he spoke, eyes on the graphed paper in his hands, and dropped into a chair."," Právě v tom okamžiku vešel Gregory Powell do místnosti a s očima upřenýma do grafů, které držel v ruce, usedl na židli."
"spread","spread","rozložil","rozložit","pf"," He spread the sheets out before him and began scribbling calculations."," Listy papíru si rozložil před sebe a začal čmárat jakési výpočty."
"began","begin","začal","začít","pf"," He spread the sheets out before him and began scribbling calculations."," Listy papíru si rozložil před sebe a začal čmárat jakési výpočty."
"waited","wait","čekal","čekat","impf"," Cutie waited silent1y."," Chytroušek mlčky čekal."
"dropped","drop","spadly","spadnout","pf"," The other sheets dropped to the floor, unheeded."," Ostatní listy spadly nepovšimnuty na zem."
"held","hold","udržel","udržet","pf"," "" He held it steady! """," "" On ho udržel! """
"kept","keep","udržel","udržet","pf"," "" You kept it in focus, "" stuttered Powell."," "" Tys ho udržel v ohnisku, "" vyrazil ze sebe Powell."
"listening","listen","Posloucháme","poslouchat","impf"," We 're listening. """," Posloucháme. """
"spent","spend","věnoval","věnovat","impf"," "" I have spent these last two days in concentrated introspection, "" said Cutie, "" and the results have been most interesting."," "" Poslední dva dny jsem se věnoval usilovnému bádání, "" řekl Chytroušek, "" a došel jsem k nanejvýš zajímavým závěrům."
"said","say","řekl","říci","pf"," "" I have spent these last two days in concentrated introspection, "" said Cutie, "" and the results have been most interesting."," "" Poslední dva dny jsem se věnoval usilovnému bádání, "" řekl Chytroušek, "" a došel jsem k nanejvýš zajímavým závěrům."
"felt","feel","cítil","cítit","impf"," I began at the one sure assumption I felt permitted to make."," Vyšel jsem z jediného nepochybného předpokladu, který jsem se cítil oprávněn učinit."
"make","make","učinit","učinit","pf"," I began at the one sure assumption I felt permitted to make."," Vyšel jsem z jediného nepochybného předpokladu, který jsem se cítil oprávněn učinit."
"exist","exist","Existuji","existovat","impf"," I, myself, exist, because I think -- """," Existuji, protože myslím - """
"think","think","myslím","myslet","impf"," I, myself, exist, because I think -- """," Existuji, protože myslím - """
"seem","seem","zdají","zdát","impf"," They seem so tiny because they are incredibly far off."," Tak malé se zdají proto, že jsou nesmírně daleko."
"directed","direct","směřují","směřovat","impf"," "" The dots to which our energy beams are directed, are nearer and much smal1er."," Tečky, ke kterým směřují naše paprsky, jsou mnohem blíž a jsou podstatně menší."
"come","come","pochází","pocházet","impf"," It is from one of these worlds that Donovan and I come."," Z jedné takové planety pochází tady Donovan a já."
"seated","seat","posadil","posadit","pf"," Powell stood up and seated himself at the table 's edge next to the robot."," Powell vstal z křesla a posadil se na kraj stolu k robotovi."
"felt","feel","Pocítil","pocítit","pf"," He felt a sudden strong sympathy for this strange machine."," Pocítil náhle k tomu podivnému stroji nečekaně silné sympatie."
"departed","depart","Odešel","odejít","pf"," He departed -- the picture of commiseration."," Odešel - ztělesnění lítosti a žalu."
"passed","pass","přešel","přejít","pf"," Donovan made scant acknowledgment and passed into the pilot room to take over the controls from Sam Evans."," Donovan mu stručně vylíčil situaci a přešel do pilotní kabiny, aby od Sama Evanse převzal řízení."
"take","take","převzal","převzít","pf"," Donovan made scant acknowledgment and passed into the pilot room to take over the controls from Sam Evans."," Donovan mu stručně vylíčil situaci a přešel do pilotní kabiny, aby od Sama Evanse převzal řízení."
"go","go","jít","jít","impf"," Where must I go? """," Kam mám jít? """
"said","say","řekl","říci","pf"," "" Down these stairs, "" he said."," "" Tudy dolů po schodech, "" řekl."
"do","do","dělat","dělat","impf"," "" You will he told what to do. """," "" Tam se dozvíš, co máš dělat. """
"gone","go","odešel","odejít","pf"," The MC model was gone and the two Earthmen were alone with the stil1 unmoving Cutie."," Model řady MC odešel a oba Pozemšťané osaměli s nehybným Chytrouškem."
"giving","give","poskytli","poskytnout","pf"," We 're giving you a good, logical explanation."," My jsme ti poskytli jasné, logické vysvětlení."
"beams","beam","vysílá","vysílat","impf"," "" The beams, "" was the stiff reply, "" are put out by the Master for his own purposes."," "" Paprsky, "" zněla odměřená odpověď, "" vysílá sám Pán a má pro to své důvody."
"Look","look","podívejte","podívat","pf"," "" Look at you, "" he said finally."," "" Jen se na sebe podívejte, "" řekl konečně."
"said","say","řekl","říci","pf"," "" Look at you, "" he said finally."," "" Jen se na sebe podívejte, "" řekl konečně."
"say","say","Neříkám","říkat","impf"," "" I say this in no spirit of contempt, but look at you!"," "" Neříkám to nikterak hanlivě, ale jen se na sebe podívejte!"
"look","look","podívejte","podívat","pf"," "" I say this in no spirit of contempt, but look at you!"," "" Neříkám to nikterak hanlivě, ale jen se na sebe podívejte!"
"exists","exist","existuje","existovat","impf"," You 'll find out whether Earth exists when relief gets here next week and we have to go hack to face the music. """," "" Však se přesvědčíš, že Země existuje, až sem za týden přijede náš nástupce a my se budeme muset vrátit dolů na kobereček. """
"gets","get","přijede","přijet","pf"," You 'll find out whether Earth exists when relief gets here next week and we have to go hack to face the music. """," "" Však se přesvědčíš, že Země existuje, až sem za týden přijede náš nástupce a my se budeme muset vrátit dolů na kobereček. """
"believe","believe","Nevěří","věřit","impf"," "" He does n't believe us, or the hooks, or his eyes. """," "" Nevěří ani nám, ani knihám, ani tomu, co vidí. """
"said","say","řekl","říci","pf"," "" No, "" said Powell bitterly, "" he 's a reasoning robot -- damn it."," "" Ne, "" řekl Powell hořce, "" on má svůj vlastní rozum - aby ho čert vzal."
"awaited","await","čekal","čekat","impf"," The robot awaited only the vitalizing flash of high-voltage electricity, and Powell paused with his hand on the switch."," Robot čekal jen na oživující výboj vysokého napětí a Powell s rukou na vypínači na okamžik zaváhal."
"watch","watch","dívej","dívat","impf"," "" Now watch this, Cutie."," "" Teď se dívej, Chytroušku."
"Watch","watch","dívej","dívat","impf"," Watch this carefully. """," Pozorně se dívej. """
"bent","bend","sklonili","sklonit","pf"," The two Earthmen bent anxiously over their creation."," Oba Pozemšťané se starostlivě sklonili nad svým výtvorem."
"made","make","provedl","provést","pf"," You 've made quite a few telescopic observations since being put together, Cutie."," Od té doby, co jsme tě sestrojili, jsi už provedl slušnou řádku pozorování."
"viewed","view","díváš","dívat","impf"," Have you noticed that several of those specks of light outside become disks when so viewed? """," Všiml sis, že některé světelné tečky tam venku se změní v kotoučky, když se na ně díváš dalekohledem? """
"magnified","magnify","nezvětší","zvětšit","pf"," "" Why are n't the stars equally magnified then? """," "" A proč se tedy nezvětší stejně i hvězdy? """
"scowled","scowl","zamračil","zamračit","pf"," He cast a look of furious frustration at the closed door and scowled bitterly at Donovan."," S bezmocnou zuřivostí pohlédl směrem ke dveřím a pak se rozhořčeně zamračil na Donovana."
"did","do","dělat","dělat","impf"," "" What did you expect me to do with that electrified scarecrow?"," "" A co jsem podle tebe s tím elektrickým strašákem měl dělat?"
"do","do","dělat","dělat","impf"," "" What did you expect me to do with that electrified scarecrow?"," "" A co jsem podle tebe s tím elektrickým strašákem měl dělat?"
"serve","serve","sloužíme","sloužit","impf"," What do we all serve?"," Čemu všichni sloužíme?"
"turned","turn","obrátil","obrátit","pf"," Donovan turned a startled look upon his companion."," Donovan se zmateně obrátil na svého spolupracovníka."
"bet","bet","Vsadím","vsadit","pf"," "" I 'll bet this tin-plated screwball is talking about the Energy Converter itself. """," "" Vsadím se, že ten plechový šašek má na mysli samotný energetický konvertor. """
"want","want","Chcete","chtít","impf"," Do you want the truth behind it all? """," Chcete slyšet, jak je to doopravdy`? """
"created","create","stvořil","stvořit","pf"," "" The Master created humans first as the lowest type, most easily formed."," "" Náš Pán nejdříve stvořil primitivní lidi s co nejjednodušším organismem."
"fallen","fall","upadl","upadnout","pf"," Donovan had fallen into a troubled slumber and Powell 's weary eyes rested upon him enviously."," Donovan upadl do neklidné dřímoty a Powell na něm závistivě spočinul unavenýma očima."
"explained","explain","nevysvětlil","vysvětlit","pf"," You have n't explained my existence. """," Ještě jste mi nevysvětlil mou existenci. """
"see","see","vidět","vidět","impf"," "" But you see more stars through a telescope."," "" Ale v dalekohledu je těch hvězd vidět víc."
"do","do","berou","brát","impf"," Where do they come from?"," Kde se tam berou?"
"do","do","berou","brát","impf"," Jumping Jupiter, where do they come from? """," Jasný Jupitere, kde se tam berou? """
"think","think","myslíte","myslet","impf"," "" Listen, Powell, do you think I 'm going to waste my time trying to pin physical interpretations upon every optical illusion of our instruments?"," "" Ale, Powelle, to si myslíte, že budu marnit čas a snažit se najít fyzikální vysvětlení všech optických klamů vašich přístrojů?"
"trying","try","snažit","snažit","impf"," "" Listen, Powell, do you think I 'm going to waste my time trying to pin physical interpretations upon every optical illusion of our instruments?"," "" Ale, Powelle, to si myslíte, že budu marnit čas a snažit se najít fyzikální vysvětlení všech optických klamů vašich přístrojů?"
"talking","talk","mluvíš","mluvit","impf"," "" What are you talking about? """," "" O čem to mluvíš? """
"established","establish","vybudovány","vybudovat","pf"," When these stations were first established to feed solar energy to the planets, they were run by humans."," Když byly vybudovány první stanice pro zásobování planet sluneční energií, obsluhovali je lidé."
"replace","replace","nahradit","nahradit","pf"," Robots were developed to replace human labor and now only two human executives are required for each station."," Proto byli vynalezeni roboti, kteří jsou schopni lidskou práci nahradit, a teď jsou na každé stanici zapotřebí jen dva lidé."
"trying","try","Snažíme","snažit","impf"," We are trying to replace even those, and that 's where you come in."," Snažíme se nahradit i ty a právě v tom je řada na tobě."
"replace","replace","nahradit","nahradit","pf"," We are trying to replace even those, and that 's where you come in."," Snažíme se nahradit i ty a právě v tom je řada na tobě."
"mean","mean","chceš","chtít","impf"," "" Just what do you mean, we 've lost our function? """," "" Co tím chceš říct, že jsme pozbyli své funkce? """
"created","create","stvořen","stvořit","pf"," "" Until I was created, "" answered Cutie, "" you tended the Master."," "" Než jsem byl stvořen já, "" odpověděl Chytroušek, "" sloužili jste Pánovi vy."
"answered","answer","odpověděl","odpovědět","pf"," "" Until I was created, "" answered Cutie, "" you tended the Master."," "" Než jsem byl stvořen já, "" odpověděl Chytroušek, "" sloužili jste Pánovi vy."
"tended","tend","sloužili","sloužit","impf"," "" Until I was created, "" answered Cutie, "" you tended the Master."," "" Než jsem byl stvořen já, "" odpověděl Chytroušek, "" sloužili jste Pánovi vy."
"do","do","dělat","dělat","impf"," "" Not quite, "" replied Powell bitterly, "" but what do you expect us to do now? """," "" Ne tak docela, "" řekl Powell kousavě, "" ale co tedy teď podle tebe máme dělat? """
"do","do","dělat","dělat","impf"," "" Not quite, "" replied Powell bitterly, "" but what do you expect us to do now? """," "" Ne tak docela, "" řekl Powell kousavě, "" ale co tedy teď podle tebe máme dělat? """
"knocked","knock","zaklepal","zaklepat","pf"," Mike Donovan growled from behind a huge lettuce-and-tomato sandwich as Cutie knocked gently and entered."," Mike Donovan cosi zamručel zpoza ohromného sendviče se salátem a rajčaty, když Chytroušek zlehka zaklepal a vstoupil do místnosti."
"entered","enter","vstoupil","vstoupit","pf"," Mike Donovan growled from behind a huge lettuce-and-tomato sandwich as Cutie knocked gently and entered."," Mike Donovan cosi zamručel zpoza ohromného sendviče se salátem a rajčaty, když Chytroušek zlehka zaklepal a vstoupil do místnosti."
"let","let","nechat","nechat","pf"," We ca n't let him continue this nitwit stuff about the Master. """," Nemůžeme ho přece nechat žvanit ty nesmysly o Pánu. """
"heard","hear","slyšel","slyšet","impf"," "" Because whoever heard of such a damned thing?"," "" Protože kdo to jakživ slyšel '?"
"spoke","speak","promluvil","promluvit","pf"," Finally, the robot spoke."," Konečně robot promluvil."
"do","do","udělá","udělat","pf"," "" And do you know what 's going to happen to the beam - because the storm will be a lulu."," "" Dovedeš si představit, co to s paprskem udělá - protože ta bouře, to bude paráda."
"going","go","začne","začít","pf"," It 's going to jump like a flea with the itch."," Paprsek začne skákat jako potrefený."
"jump","jump","skákat","skákat","impf"," It 's going to jump like a flea with the itch."," Paprsek začne skákat jako potrefený."
"thought","think","Myslel","myslet","impf"," I thought you were supervising the installation of the new drive bar. """," Myslel jsem, že dohlížíš na montáž té nové hřídele. """
"supervising","supervise","dohlížíš","dohlížet","impf"," I thought you were supervising the installation of the new drive bar. """," Myslel jsem, že dohlížíš na montáž té nové hřídele. """
"said","say","řekl","říci","pf"," "" It 's done, "" said the robot quietly, "" and so I 've come to have a talk with the two of you. """," "" To už je hotovo, "" řekl robot tichým hlasem, "" a tak jsem si s vámi dvěma přišel promluvit. """
"come","come","přišel","přijít","pf"," "" It 's done, "" said the robot quietly, "" and so I 've come to have a talk with the two of you. """," "" To už je hotovo, "" řekl robot tichým hlasem, "" a tak jsem si s vámi dvěma přišel promluvit. """
"sit","sit","posaď","posadit","pf"," "" Well, sit down."," "" No tak se posaď."
"try","try","pokusím","pokusit","pf"," "" Cutie, "" he said, "" I 'm going to try to explain something to you."," "" Chytroušku, "" oslovil ho, "" pokusím se ti něco vysvětlit."
"explain","explain","vysvětlit","vysvětlit","pf"," "" Cutie, "" he said, "" I 'm going to try to explain something to you."," "" Chytroušku, "" oslovil ho, "" pokusím se ti něco vysvětlit."
"understand","understand","uměl","umět","impf"," You 're the first robot who 's ever exhibited curiosity as to his own existence -- and I think the first that 's really intelligent enough to understand the world outside."," Jsi první robot, který se kdy začal zajímat o svou vlastní existenci - a řekl bych, že jsi taky první, kdo je opravdu dost inteligentní na to, aby uměl pochopit okolní svět."
"understand","understand","pochopit","pochopit","pf"," You 're the first robot who 's ever exhibited curiosity as to his own existence -- and I think the first that 's really intelligent enough to understand the world outside."," Jsi první robot, který se kdy začal zajímat o svou vlastní existenci - a řekl bych, že jsi taky první, kdo je opravdu dost inteligentní na to, aby uměl pochopit okolní svět."
"come","come","Pojď","jít","impf"," Here, come with me. """," Pojď se mnou. """
"followed","follow","následoval","následovat","impf"," The robot rose erect smoothly and his thickly sponge-rubber soled feet made no noise as he followed Powell."," Robot se lehce vzpřímil a neslyšně Powella následoval na podrážkách ze silné gumy."
"returned","return","Vrátil","vrátit","pf"," Powell returned to the table and polished an apple upon his sleeve before biting into it."," Vrátil se ke stolu a zakousl se do jablka, které si předtím přeleštil o rukáv."
"believe","believe","Nevěří","věřit","impf"," "" He does n't believe we made him or that Earth exists or space or stars. """," "" Nevěří, že jsme ho stvořili, že existuje Země, vesmír a hvězdy. """
"exists","exist","existuje","existovat","impf"," "" He does n't believe we made him or that Earth exists or space or stars. """," "" Nevěří, že jsme ho stvořili, že existuje Země, vesmír a hvězdy. """
"says","say","Říká","říkat","impf"," "" He says he 's going to figure it all out for himself. """," "" Říká, že na všechno přijde sám. """
"serve","serve","sloužit","sloužit","impf"," In this matter, I seek only to serve and not to question. """," Mým cílem je pouze sloužit, nikoli se tázat. """
"sat","sit","usedl","usednout","pf"," Powell sat down slowly and buried his face in shaking hands."," Powell ztěžka usedl a ukryl tvář v třesoucích se dlaních."
"buried","bury","ukryl","ukrýt","pf"," Powell sat down slowly and buried his face in shaking hands."," Powell ztěžka usedl a ukryl tvář v třesoucích se dlaních."
"let","let","nech","nechat","pf"," Get out and let me think. """," Běž a nech mě přemýšlet. """
"think","think","přemýšlet","přemýšlet","impf"," Get out and let me think. """," Běž a nech mě přemýšlet. """
"send","send","Pošlu","poslat","pf"," "" I 'll send you food, "" said Cutie agreeably."," "" Pošlu vám nějaké jídlo, "" nabídl se Chytroušek."
"left","leave","odešel","odejít","pf"," A groan was the only answer and the robot left."," Jedinou odpovědí mu bylo zaúpění, a tak odešel."
"got","get","dostat","dostat","pf"," We 've got to get him when he is n't expecting it and short-circuit him."," Musíme ho dostat nepřipraveného a zkratovat ho."
"get","get","dostat","dostat","pf"," We 've got to get him when he is n't expecting it and short-circuit him."," Musíme ho dostat nepřipraveného a zkratovat ho."
"created","create","stvořil","stvořit","pf"," The parts were created by the Master. """," Ty součásti stvořil Pán. """
"argue","argue","hádat","hádat","impf"," "" Well, well, "" replied Cutie soothingly, "" we wo n't argue. """," "" No dobrá, "" chlácholil ho Chytroušek, "" nebudeme se hádat. """
"grasped","grasp","popadl","popadnout","pf"," The Earthman sprang forward and grasped the robot 's metal arm."," Pozemšťan se vymrštil a popadl robota za kovovou paži."
"read","read","přečíst","přečíst","pf"," "" If you were to read the books in the library, they could explain it so that there could be no possible doubt. """," Měl by sis přečíst knihy tady z knihovny, ty by ti to vysvětlily tak, že bys o tom nemohl pochybovat. """
"explain","explain","vysvětlily","vysvětlit","pf"," "" If you were to read the books in the library, they could explain it so that there could be no possible doubt. """," Měl by sis přečíst knihy tady z knihovny, ty by ti to vysvětlily tak, že bys o tom nemohl pochybovat. """
"manufactured","manufacture","vyrábějí","vyrábět","impf"," Robots are, of course, manufactured on Earth, but their shipment through space is much simpler if it can be done in parts to be put together at their place of use."," Roboti se samozřejmě vyrábějí na Zemi, ale jejich doprava kosmickým prostorem je mnohem jednodušší, mohou - li být přepravováni po částech, které se sestavují až na místě použití."
"bringing","bring","přivedli","přivést","pf"," It also, incidentally, eliminates the possibility of robots, in complete adjustment, wandering off while still on Earth and thus bringing U. S. Robots face to face with the strict laws against robots on Earth."," Současně se tím vylučuje možnost, že by se hotoví roboti potulovali po Zemi a přivedli tím Národní americkou společnost pro výrobu robotů do rozporu s přísnými zákony, které na Zemi užívání robotů nedovolují."
"admit","admit","přiznáváš","přiznávat","impf"," "" You admit yourself that your memory seems to spring full-grown from an absolute blankness of a week ago."," "" Sám přiznáváš, že tvá paměť jako by náhle před týdnem povstala v celé své vyspělosti z naprosté prázdnoty."
"seems","seem","Zdá","zdát","impf"," For you to make me seems improbable. """," Zdá se mi nepravděpodobné, že byste mě vy udělali. """
"make","make","udělali","udělat","pf"," For you to make me seems improbable. """," Zdá se mi nepravděpodobné, že byste mě vy udělali. """
"believe","believe","věříš","věřit","impf"," "" Well, "" said Powell, grinning, "" now do you believe that we made you? """," "" Tak, "" obrátil se na něj Powell vesele, "" teď už mi věříš, že jsme tě smontovali? """
"said","say","řekl","říci","pf"," "" No! "" he said."," "" Ne! "" řekl."
"continued","continue","pokračoval","pokračovat","impf"," "" You see, "" continued Cutie, easily, "" you have merely put together parts already made."," "" Víte, "" pokračoval nenuceně Chytroušek, "" vy jste jen smontovali hotové součásti."
"create","create","nestvořili","stvořit","pf"," You did remarkably well - instinct, I suppose -- but you did n't really create the robot."," Umíte to moc pěkně - patrně jste vedeni instinktem - ale vy jste toho robota vlastně nestvořili."
"create","create","stvořit","stvořit","pf"," These are facts which, with the self-evident proposition that no being can create another being superior to itself, smashes your silly hypothesis to nothing. """," Uvážíme - li tato fakta a samozřejmý předpoklad, že žádná bytost nemůže stvořit bytost dokonalejší, než je sama, je celá ta vaše směšná teorie k ničemu. """
"sprang","spring","vyskočil","vyskočit","pf"," Donovan 's muttered curses rose into intelligibility as he sprang to his feet, rusty eyebrows drawn low."," Donovan procedil mezi zuby nesrozumitelné zaklení a vyskočil z křesla, ryšavé obočí hrozivě zježené."
"did","do","neudělali","udělat","pf"," "" All right, you son of a hunk of iron ore, if we did n't make you, who did? """," "" Tak dobře. ty plecháči, když jsme tě neudělali my, tak kdo tedy? """
"make","make","neudělali","udělat","pf"," "" All right, you son of a hunk of iron ore, if we did n't make you, who did? """," "" Tak dobře. ty plecháči, když jsme tě neudělali my, tak kdo tedy? """
"did","do","neudělali","udělat","pf"," "" All right, you son of a hunk of iron ore, if we did n't make you, who did? """," "" Tak dobře. ty plecháči, když jsme tě neudělali my, tak kdo tedy? """
"nodded","nod","přikývl","přikývnout","pf"," Cutie nodded gravely."," Chytroušek vážně přikývl."
"let","let","nechám","nechat","pf"," It better be good, or I 'll be damned if I let it touch the controls. """," Jestli není spolehlivý, tak ať visím, jestli ho nechám na řízení jen sáhnout. """
"touch","touch","sáhnout","sáhnout","pf"," It better be good, or I 'll be damned if I let it touch the controls. """," Jestli není spolehlivý, tak ať visím, jestli ho nechám na řízení jen sáhnout. """
"said","say","řekl","říci","pf"," "" The robot is pretty good, "" he said slowly."," "" Robot je naprosto spolehlivý, "" řekl pomalu."
"think","think","Myslím","myslet","impf"," "" I do n't think you 'll have to bother much with the controls. """," "" Myslím, že o řízení se nebudeš muset moc starat. """
"moved","move","nepohnul","pohnout","pf"," Not a robot moved!"," Žádný z robotů se ani nepohnul!"
"roared","roar","zařval","zařvat","pf"," "" Stand up! "" he roared."," "" Vstaň! "" zařval na něj."
"Do","do","dělej","dělat","impf"," Do as I say! """," A dělej, co ti říkám! """
"say","say","říkám","říkat","impf"," Do as I say! """," A dělej, co ti říkám! """
"said","say","neřekl","říci","pf"," Cutie said nothing, nor did any other robot, but Donovan became aware of a sudden heightening of tension."," Chytroušek neřekl ani slovo a ostatní roboti také mlčeli, ale Donovan si uvědomil náhlé zostření napětí."
"whispered","whisper","zašeptal","zašeptat","pf"," "" Sacrilege, "" he whispered -- voice metallic with emotion."," "" Znesvěcení, "" zašeptal svým kovovým hlasem plným vášně."
"said","say","řekl","říci","pf"," "" There is no Master but the Master, "" he said, "" and QT-1 is his prophet. """," "" Je jen jediný Pán, "" řekl, "" a CHTR - 1 je jeho prorokem. """
"obey","obey","poslouchají","poslouchat","impf"," "" I 'm afraid, "" put in Cutie himself at this point, "" that my friends obey a higher one than you, now. """," "" Obávám se, "" promluvil konečně sám Chytroušek, "" že mí přátelé nyní poslouchají vyšší moc, než jste vy. """
"opened","open","otevřely","otevřít","pf"," The door opened, and the Earthman shot through to come up hard against an immovable steel arm."," Dveře se otevřely a Pozemšťan vyrazil ven, ovšem vzápětí ho nesmlouvavě zadržela ocelová paže."
"shot","shoot","vyrazil","vyrazit","pf"," The door opened, and the Earthman shot through to come up hard against an immovable steel arm."," Dveře se otevřely a Pozemšťan vyrazil ven, ovšem vzápětí ho nesmlouvavě zadržela ocelová paže."
"create","create","tvořit","tvořit","impf"," Powell and Donovan were never so aware of that fact as upon that particular day when, in the assembly room, they undertook to create a robot under the watchful eyes of QT-1, Prophet of the Master."," Nikdy dřív si Powell a Donovan tuto skutečnost neuvědomovali tak silně, jako onoho dne, kdy v dílně začali tvořit nového robota přímo pod pozorným dohledem CHTR - 1, Pánova proroka."
"lay","lie","ležel","ležet","impf"," The robot in question, a simple MC model, lay upon the table, almost complete."," Nový robot, jednoduchý model řady MC, ležel na stole téměř hotový."
"glanced","glance","pohlédl","pohlédnout","pf"," Three hours, work left only the head undone, and Powell paused to swab his forehead and glanced uncertainly at Cutie."," Po třech hodinách práce zbývalo dokončit jen hlavu a Powell na chvíli přerušil práci, aby si otřel čelo, a přitom nejistě pohlédl na Chytrouška."
"repressed","repress","potlačil","potlačit","pf"," Powell repressed a sudden attack of nerves."," Powell potlačil náhlý příval vzteku."
"possessed","possess","měli","mít","impf"," These robots possessed peculiar brains."," Tihle roboti měli zvláštní mozek."
"held","hold","platily","platit","impf"," Oh, the three Laws of Robotics held."," Tři zákony robotiky pro ně platily, to ano."
"waiting","wait","čeká","čekat","impf"," Relief is waiting and I wo n't feel right until I actually see Earth and feel the ground under my feet -- just to make sure it 's really there. """," Raketa čeká a já nebudu mít klid, dokud neuvidím Zemi na vlastní oči a neucítím pevnou půdu pod nohama jen abych se přesvědčil, že opravdu existuje. """
"see","see","neuvidím","uvidět","pf"," Relief is waiting and I wo n't feel right until I actually see Earth and feel the ground under my feet -- just to make sure it 's really there. """," Raketa čeká a já nebudu mít klid, dokud neuvidím Zemi na vlastní oči a neucítím pevnou půdu pod nohama jen abych se přesvědčil, že opravdu existuje. """
"feel","feel","neucítím","ucítit","pf"," Relief is waiting and I wo n't feel right until I actually see Earth and feel the ground under my feet -- just to make sure it 's really there. """," Raketa čeká a já nebudu mít klid, dokud neuvidím Zemi na vlastní oči a neucítím pevnou půdu pod nohama jen abych se přesvědčil, že opravdu existuje. """
"feel","feel","neucítím","ucítit","pf"," Relief is waiting and I wo n't feel right until I actually see Earth and feel the ground under my feet -- just to make sure it 's really there. """," Raketa čeká a já nebudu mít klid, dokud neuvidím Zemi na vlastní oči a neucítím pevnou půdu pod nohama jen abych se přesvědčil, že opravdu existuje. """
"opened","open","otevřely","otevřít","pf"," The door opened as he spoke and Donovan, with a smothered curse, clicked the visor to, and turned a sulky back upon Cutie."," Mezitím se otevřely dveře a Donovan spolkl nadávku, přiklopil průzor a uraženě se k Chytrouškovi otočil zády."
"turned","turn","otočil","otočit","pf"," The door opened as he spoke and Donovan, with a smothered curse, clicked the visor to, and turned a sulky back upon Cutie."," Mezitím se otevřely dveře a Donovan spolkl nadávku, přiklopil průzor a uraženě se k Chytrouškovi otočil zády."
"approached","approach","přistoupil","přistoupit","pf"," The robot approached softly and there was sorrow in his voice."," Robot k nim pomalu přistoupil a oslovil je lítostivým hlasem."
"going","go","odcházíte","odcházet","impf"," "" You are going? """," "" Už odcházíte? """
"nodded","nod","přikývl","přikývnout","pf"," Powell nodded curtly."," Powell úsečně přikývl."
"entered","enter","vešel","vejít","pf"," He motioned the guardian robots away, entered the officer 's room and closed the door gently."," Na jeho pokyn strážní roboti ustoupili, Chytroušek vešel do velitelské místnosti a tiše za sebou zavřel dveře."
"closed","close","zavřel","zavřít","pf"," He motioned the guardian robots away, entered the officer 's room and closed the door gently."," Na jeho pokyn strážní roboti ustoupili, Chytroušek vešel do velitelské místnosti a tiše za sebou zavřel dveře."
"pay","pay","nevyplatí","vyplatit","pf"," You 're going to pay for this farce. """," Tahle šaškárna se ti nevyplatí. """
"annoyed","annoy","Nezlobte","zlobit","impf"," "" Please, do n't be annoyed, "" replied the robot mildly."," "" Nezlobte se, prosím vás, "" řekl robot vlídně."
"come","come","dojít","dojít","pf"," "" It was bound to come eventually, anyway."," "" Jednou k tomu tak jako tak muselo dojít."
"said","say","řekl","říci","pf"," Powell said, "" Good. """," "" Fajn, "" řekl Powell."
"suiting","suit","slušelo","slušet","impf"," He departed with a beatific air suiting the Prophet of the Master and the two humans avoided each other 's eyes."," Vzdálil se v jakémsi oblaku svatozáře, jak se na Pánova proroka slušelo, a Pozemšťané se báli podívat se jeden druhému do očí."
"spoke","speak","promluvit","promluvit","pf"," Finally Powell spoke with an effort."," Konečně se Powell přinutil promluvit."
"go","go","Pojď","jít","impf"," "" Let 's go to bed, Mike."," "" Pojď spát, Miku."
"show","show","předvedli","předvést","pf"," Let 's show him!"," Co kdybychom mu to předvedli?"
"widening","widen","šířit","šířit","impf"," A slowly widening smile appeared on Powell 's face."," Na Powellově tváři se zvolna začal šířit úsměv."
"sees","see","dívat","dívat","impf"," Donovan continued, "" And think of that screwball 's face when he sees us do it? """," "" A představ si, jak se ten panák bude tvářit, až se bude dívat, jak to děláme! "" dodal Donovan."
"do","do","děláme","dělat","impf"," Donovan continued, "" And think of that screwball 's face when he sees us do it? """," "" A představ si, jak se ten panák bude tvářit, až se bude dívat, jak to děláme! "" dodal Donovan."
"said","say","řekl","říci","pf"," "" I am sorry, Donovan, "" said the robot, "" but you can no longer stay here after this."," "" Je mi líto, Donovane, "" řekl robot, "" ale po tomhle tady nemůžete zůstat."
"stay","stay","zůstat","zůstat","pf"," "" I am sorry, Donovan, "" said the robot, "" but you can no longer stay here after this."," "" Je mi líto, Donovane, "" řekl robot, "" ale po tomhle tady nemůžete zůstat."
"felt","feel","cítil","cítit","impf"," Donovan had time for one startled gasp as he felt himself lifted from the floor and carried up the stairs at a pace rather better than a canter."," Donovan pouze užasle zalapal po dechu a pak už jen cítil, jak je nadzvednut a rychlým poklusem odnášen vzhůru po schodech."
"obey","obey","poslouchat","poslouchat","impf"," Those robots must obey us."," Ti roboti nás přece musí poslouchat."
"saying","say","říkáš","říkat","impf"," "" What 's the use of saying that?"," "" Proč mi to vůbec říkáš?"
"obeying","obey","neposlouchají","poslouchat","impf"," They are n't obeying us."," Prostě nás neposlouchají."
"passed","pass","Míjely","míjet","impf"," Hours passed."," Míjely hodiny."
"revealed","reveal","objevila","objevit","pf"," The thick, clear glass revealed space -- starspeckled."," Za silným čirým sklem se objevila obloha posetá hvězdami."
"seen","see","viděl","vidět","impf"," "" I 've seen that in the observation ports in the engine room, "" said Cutie."," "" To jsem viděl v průzorech strojovny, "" řekl Chytroušek."
"said","say","řekl","říci","pf"," "" I 've seen that in the observation ports in the engine room, "" said Cutie."," "" To jsem viděl v průzorech strojovny, "" řekl Chytroušek."
"said","say","odpověděl","odpovědět","pf"," "" I know, "" said Powell."," "" Já vím, "" odpověděl Powell."
"settle","settle","vypořádat","vypořádat","pf"," I 'll settle with you later and with these animated gadgets right now. """," Nejdřív se musím vypořádat s těmihle oživlými loutkami! """
"understand","understand","nerozumíte","rozumět","impf"," "" I 'm sorry, but you do n't understand."," "" Je mi líto, ale vy mi nerozumíte."
"means","mean","znamená","znamenat","impf"," These are robots -- and that means they are reasoning beings."," Jsou to roboti - to znamená rozumné bytosti."
"recognize","recognize","poznali","poznat","pf"," They recognize the Master, now that I have preached Truth to them."," Teď, když jsem jim zvěstoval pravdu, poznali svého Pána."
"call","call","Nazývají","nazývat","impf"," They call me the prophet. """," Nazývají mne prorokem. """
"see","see","vidět","vidět","impf"," We call that globe the Sun and it is on the other side of the station where you ca n't see it. """," Ta koule se jmenuje Slunce a je na druhé straně stanice, takže teď ji není vidět. """
"nodded","nod","přikývl","přikývnout","pf"," Powell nodded abstractedly."," Powell nepřítomně přikývl."
"believe","believe","věřili","věřit","impf"," However, since it is the Master 's will that you believe your books, I wo n't argue with you any more. """," Protože si však Pán přeje, abyste věřili svým knihám, nebudu už o tom s vámi diskutovat. """
"argue","argue","diskutovat","diskutovat","impf"," However, since it is the Master 's will that you believe your books, I wo n't argue with you any more. """," Protože si však Pán přeje, abyste věřili svým knihám, nebudu už o tom s vámi diskutovat. """
"rewarded","reward","odměněni","odměnit","pf"," You poor humans have your place and though it is humble, you will be rewarded if you fill it well. """," I vy, obyčejní lidé, máte svou funkci, a přestože je skromná, budete odměněni, jestliže se osvědčíte. """
