"required","require","žádá","žádat","impf"," What is required of us now is a new era of responsibility - a recognition, on the part of every American, that we have duties to ourselves, our nation, and the world, duties that we do not grudgingly accept but rather seize gladly, firm in the knowledge that there is nothing so satisfying to the spirit, so defining of our character, than giving our all to a difficult task."," To, co se teď od nás žádá, je nová éra zodpovědnosti - pochopení, ze strany každého Američana, že máme povinnosti k sobě samým, ke svému národu i ke světu, povinnosti, které nepřijímáme s nechutí, ale rádi se jich chápeme, pevní při vědomí, že není nic, co by víc potěšilo našeho ducha, co by lépe vystihovalo náš charakter, než vydat ze sebe vše ke splnění náročného úkolu."
"accept","accept","nepřijímáme","přijímat","impf"," What is required of us now is a new era of responsibility - a recognition, on the part of every American, that we have duties to ourselves, our nation, and the world, duties that we do not grudgingly accept but rather seize gladly, firm in the knowledge that there is nothing so satisfying to the spirit, so defining of our character, than giving our all to a difficult task."," To, co se teď od nás žádá, je nová éra zodpovědnosti - pochopení, ze strany každého Američana, že máme povinnosti k sobě samým, ke svému národu i ke světu, povinnosti, které nepřijímáme s nechutí, ale rádi se jich chápeme, pevní při vědomí, že není nic, co by víc potěšilo našeho ducha, co by lépe vystihovalo náš charakter, než vydat ze sebe vše ke splnění náročného úkolu."
"giving","give","vydat","vydat","pf"," What is required of us now is a new era of responsibility - a recognition, on the part of every American, that we have duties to ourselves, our nation, and the world, duties that we do not grudgingly accept but rather seize gladly, firm in the knowledge that there is nothing so satisfying to the spirit, so defining of our character, than giving our all to a difficult task."," To, co se teď od nás žádá, je nová éra zodpovědnosti - pochopení, ze strany každého Američana, že máme povinnosti k sobě samým, ke svému národu i ke světu, povinnosti, které nepřijímáme s nechutí, ale rádi se jich chápeme, pevní při vědomí, že není nic, co by víc potěšilo našeho ducha, co by lépe vystihovalo náš charakter, než vydat ze sebe vše ke splnění náročného úkolu."
"depends","depend","závisí","záviset","impf"," But those values upon which our success depends - honesty and hard work, courage and fair play, tolerance and curiosity, loyalty and patriotism - these things are old."," Ale hodnoty, na nichž náš úspěch závisí - píle a poctivost, odvaha a fair play, tolerance a zvídavost, loajalita a vlastenectví -, ty jsou staré."
"advancing","advance","postupoval","postupovat","impf"," The enemy was advancing."," Nepřítel postupoval."
"remains","remain","zůstávají","zůstávat","impf"," Our capacity remains undiminished."," Naše schopnosti zůstávají nezmenšené."
"protecting","protect","chránili","chránit","impf"," But our time of standing pat, of protecting narrow interests and putting off unpleasant decisions - that time has surely passed."," Avšak doba, kdy jsme všichni stáli na svém, kdy jsme chránili úzkoprsé zájmy a odkládali nepříjemná rozhodnutí - tato doba rozhodně skončila."
"do","do","vykonat","vykonat","pf"," For as much as government can do and must do, it is ultimately the faith and determination of the American people upon which this nation relies."," Neboť navzdory tomu, co vláda může a musí vykonat, se tento národ opírá v posledku o víru a odhodlání amerického lidu."
"do","do","vykonat","vykonat","pf"," For as much as government can do and must do, it is ultimately the faith and determination of the American people upon which this nation relies."," Neboť navzdory tomu, co vláda může a musí vykonat, se tento národ opírá v posledku o víru a odhodlání amerického lidu."
"cut","cut","zkrátí","zkrátit","pf"," It is the kindness to take in a stranger when the levees break, the selflessness of workers who would rather cut their hours than see a friend lose their job which sees us through our darkest hours."," Nejtemnějšími chvílemi nás provede laskavost toho, kdo k sobě pozve cizího člověka, když se protrhnou hráze, nezištnost pracujících, kteří si raději zkrátí vlastní pracovní dobu, než aby viděli přítele ztratit práci."
"see","see","viděli","vidět","impf"," It is the kindness to take in a stranger when the levees break, the selflessness of workers who would rather cut their hours than see a friend lose their job which sees us through our darkest hours."," Nejtemnějšími chvílemi nás provede laskavost toho, kdo k sobě pozve cizího člověka, když se protrhnou hráze, nezištnost pracujících, kteří si raději zkrátí vlastní pracovní dobu, než aby viděli přítele ztratit práci."
"sees","see","viděli","vidět","impf"," It is the kindness to take in a stranger when the levees break, the selflessness of workers who would rather cut their hours than see a friend lose their job which sees us through our darkest hours."," Nejtemnějšími chvílemi nás provede laskavost toho, kdo k sobě pozve cizího člověka, když se protrhnou hráze, nezištnost pracujících, kteří si raději zkrátí vlastní pracovní dobu, než aby viděli přítele ztratit práci."
"lose","lose","ztratit","ztratit","pf"," It is the kindness to take in a stranger when the levees break, the selflessness of workers who would rather cut their hours than see a friend lose their job which sees us through our darkest hours."," Nejtemnějšími chvílemi nás provede laskavost toho, kdo k sobě pozve cizího člověka, když se protrhnou hráze, nezištnost pracujících, kteří si raději zkrátí vlastní pracovní dobu, než aby viděli přítele ztratit práci."
"decides","decide","rozhodne","rozhodnout","pf"," It is the firefighter 's courage to storm a stairway filled with smoke, but also a parent 's willingness to nurture a child, that finally decides our fate."," O našem osudu nakonec rozhodne odvaha hasiče vrhnout se na schodiště zavalené kouřem, ale také ochota rodičů vychovat dítě."
"nurture","nurture","vychovat","vychovat","pf"," It is the firefighter 's courage to storm a stairway filled with smoke, but also a parent 's willingness to nurture a child, that finally decides our fate."," O našem osudu nakonec rozhodne odvaha hasiče vrhnout se na schodiště zavalené kouřem, ale také ochota rodičů vychovat dítě."
"thank","thank","Děkuji","děkovat","impf"," I thank President Bush for his service to our nation, as well as the generosity and co-operation he has shown throughout this transition."," Děkuji prezidentu Bushovi za službu našemu národu a také za velkorysost a vstřícnost, kterou projevoval během předání moci."
"shown","show","projevoval","projevovat","impf"," I thank President Bush for his service to our nation, as well as the generosity and co-operation he has shown throughout this transition."," Děkuji prezidentu Bushovi za službu našemu národu a také za velkorysost a vstřícnost, kterou projevoval během předání moci."
"taken","take","skládá","skládat","impf"," Yet, every so often the oath is taken amidst gathering clouds and raging storms."," Přesto se přísaha čas od času skládá uprostřed houstnoucích mračen a zuřících bouří."
"understood","understand","Chápaly","chápat","impf"," They understood that our power alone cannot protect us, nor does it entitle us to do as we please."," Chápaly, že samotná síla nás ochránit nedokáže a také nás neopravňuje dělat, co se nám zlíbí."
"protect","protect","ochránit","ochránit","pf"," They understood that our power alone cannot protect us, nor does it entitle us to do as we please."," Chápaly, že samotná síla nás ochránit nedokáže a také nás neopravňuje dělat, co se nám zlíbí."
"entitle","entitle","neopravňuje","opravňovat","impf"," They understood that our power alone cannot protect us, nor does it entitle us to do as we please."," Chápaly, že samotná síla nás ochránit nedokáže a také nás neopravňuje dělat, co se nám zlíbí."
"does","do","dělat","dělat","impf"," They understood that our power alone cannot protect us, nor does it entitle us to do as we please."," Chápaly, že samotná síla nás ochránit nedokáže a také nás neopravňuje dělat, co se nám zlíbí."
"do","do","dělat","dělat","impf"," They understood that our power alone cannot protect us, nor does it entitle us to do as we please."," Chápaly, že samotná síla nás ochránit nedokáže a také nás neopravňuje dělat, co se nám zlíbí."
"grows","grow","roste","růst","impf"," Instead, they knew that our power grows through its prudent use; our security emanates from the justness of our cause, the force of our example, the tempering qualities of humility and restraint."," Naopak věděly, že naše síla roste tím, že ji používáme uvážlivě, a že naše bezpečnost vyvěrá ze spravedlivosti naší věci, ze síly našeho příkladu, z umírňujících kvalit pokory a zdrženlivosti."
"Guided","guide","řídit","řídit","impf"," Guided by these principles once more, we can meet those new threats that demand even greater effort - even greater cooperation and understanding between nations."," Budeme - li se i tentokrát řídit těmito principy, můžeme se postavit novým hrozbám, které vyžadují ještě větší úsilí - ještě větší spolupráci a porozumění mezi národy."
"demand","demand","vyžadují","vyžadovat","impf"," Guided by these principles once more, we can meet those new threats that demand even greater effort - even greater cooperation and understanding between nations."," Budeme - li se i tentokrát řídit těmito principy, můžeme se postavit novým hrozbám, které vyžadují ještě větší úsilí - ještě větší spolupráci a porozumění mezi národy."
"reject","reject","odmítáme","odmítat","impf"," As for our common defence, we reject as false the choice between our safety and our ideals."," Pokud jde o naši společnou obranu, odmítáme jako falešnou volbu mezi naší bezpečností a našimi ideály."
"imagine","imagine","představit","představit","pf"," Our founding fathers, faced with perils we can scarcely imagine, drafted a charter to assure the rule of law and the rights of man, a charter expanded by the blood of generations."," Tváří v tvář nástrahám, které si dnes sotva dokážeme představit, sepsali naši otcové - zakladatelé chartu, aby zajistili vládu zákona a lidská práva - chartu, kterou pak rozšířila krev budoucích generací."
"assure","assure","zajistili","zajistit","pf"," Our founding fathers, faced with perils we can scarcely imagine, drafted a charter to assure the rule of law and the rights of man, a charter expanded by the blood of generations."," Tváří v tvář nástrahám, které si dnes sotva dokážeme představit, sepsali naši otcové - zakladatelé chartu, aby zajistili vládu zákona a lidská práva - chartu, kterou pak rozšířila krev budoucích generací."
"expanded","expand","rozšířila","rozšířit","pf"," Our founding fathers, faced with perils we can scarcely imagine, drafted a charter to assure the rule of law and the rights of man, a charter expanded by the blood of generations."," Tváří v tvář nástrahám, které si dnes sotva dokážeme představit, sepsali naši otcové - zakladatelé chartu, aby zajistili vládu zákona a lidská práva - chartu, kterou pak rozšířila krev budoucích generací."
"begin","begin","Začneme","začít","pf"," We will begin to responsibly leave Iraq to its people, and forge a hard-earned peace in Afghanistan."," Začneme zodpovědně přenechávat Irák jeho občanům a nastolíme těžce vydobytý mír v Afghánistánu."
"work","work","pracovat","pracovat","impf"," With old friends and former foes, we will work tirelessly to lessen the nuclear threat, and roll back the spectre of a warming planet."," Se starými přáteli a někdejšími protivníky budeme neúnavně pracovat na zmenšení jaderné hrozby a oslabení strašáka oteplující se planety."
"said","say","řeknou","říci","pf"," Let it be said by our children 's children that when we were tested we refused to let this journey end, that we did not turn back nor did we falter; and with eyes fixed on the horizon and God 's grace upon us, we carried forth that great gift of freedom and delivered it safely to future generations."," Kéž děti našich dětí řeknou, že když jsme my byli podrobeni zkoušce, nedopustili jsme, aby tato cesta skončila, že jsme necouvli ani neznejistěli a že jsme s očima upřenýma k obzoru a s Boží milostí nesli dál vznešený dar svobody a předali jej neporušený budoucím generacím."
"carried","carry","nesli","nést","impf"," Let it be said by our children 's children that when we were tested we refused to let this journey end, that we did not turn back nor did we falter; and with eyes fixed on the horizon and God 's grace upon us, we carried forth that great gift of freedom and delivered it safely to future generations."," Kéž děti našich dětí řeknou, že když jsme my byli podrobeni zkoušce, nedopustili jsme, aby tato cesta skončila, že jsme necouvli ani neznejistěli a že jsme s očima upřenýma k obzoru a s Boží milostí nesli dál vznešený dar svobody a předali jej neporušený budoucím generacím."
"delivered","deliver","předali","předat","pf"," Let it be said by our children 's children that when we were tested we refused to let this journey end, that we did not turn back nor did we falter; and with eyes fixed on the horizon and God 's grace upon us, we carried forth that great gift of freedom and delivered it safely to future generations."," Kéž děti našich dětí řeknou, že když jsme my byli podrobeni zkoušce, nedopustili jsme, aby tato cesta skončila, že jsme necouvli ani neznejistěli a že jsme s očima upřenýma k obzoru a s Boží milostí nesli dál vznešený dar svobody a předali jej neporušený budoucím generacím."
"lower","lower","snížit","snížit","pf"," Less measurable but no less profound is a sapping of confidence across our land - a nagging fear that America 's decline is inevitable, and that the next generation must lower its sights."," Méně měřitelné, ale neméně hluboké je ochabování důvěry po celé zemi - vtíravý strach, že úpadek Ameriky je nevyhnutelný a že příští generace bude muset snížit laťku očekávání."
"say","say","říkám","říkat","impf"," Today I say to you that the challenges we face are real."," V tento den vám říkám, že výzvy, které před námi stojí, jsou reálné."
"gather","gather","shromáždili","shromáždit","pf"," On this day, we gather because we have chosen hope over fear, unity of purpose over conflict and discord."," V tento den jsme se shromáždili, protože jsme dali přednost naději před strachem, jednotě cíle před střety a nesváry."
"come","come","přicházíme","přicházet","impf"," On this day, we come to proclaim an end to the petty grievances and false promises, the recriminations and worn out dogmas, that for far too long have strangled our politics."," V tento den přicházíme ohlásit konec malicherných mrzutostí a falešných slibů, rekriminací a otřepaných dogmat, která až příliš dlouho dusila naši politiku."
"strangled","strangle","dusila","dusit","impf"," On this day, we come to proclaim an end to the petty grievances and false promises, the recriminations and worn out dogmas, that for far too long have strangled our politics."," V tento den přicházíme ohlásit konec malicherných mrzutostí a falešných slibů, rekriminací a otřepaných dogmat, která až příliš dlouho dusila naši politiku."
"remain","remain","Zůstáváme","zůstávat","impf"," We remain a young nation, but in the words of scripture, the time has come to set aside childish things."," Zůstáváme mladým národem, ale řečeno slovy Písma nastal čas odložit dětinskost stranou."
"come","come","nastal","nastat","pf"," We remain a young nation, but in the words of scripture, the time has come to set aside childish things."," Zůstáváme mladým národem, ale řečeno slovy Písma nastal čas odložit dětinskost stranou."
"come","come","Nastal","nastat","pf"," The time has come to reaffirm our enduring spirit; to choose our better history; to carry forward that precious gift, that noble idea, passed on from generation to generation : the God-given promise that all are equal, all are free, and all deserve a chance to pursue their full measure of happiness."," Nastal čas potvrdit našeho nezdolného ducha, zvolit si to lepší z našich dějin a nést dál onen drahocenný dar, onu vznešenou ideu předávanou z generace na generaci : totiž Bohem vyřčený slib, že jsme si všichni rovni, že jsme všichni svobodní a všichni si zasloužíme šanci usilovat o vrchovatou míru štěstí."
"passed","pass","Nastal","nastat","pf"," The time has come to reaffirm our enduring spirit; to choose our better history; to carry forward that precious gift, that noble idea, passed on from generation to generation : the God-given promise that all are equal, all are free, and all deserve a chance to pursue their full measure of happiness."," Nastal čas potvrdit našeho nezdolného ducha, zvolit si to lepší z našich dějin a nést dál onen drahocenný dar, onu vznešenou ideu předávanou z generace na generaci : totiž Bohem vyřčený slib, že jsme si všichni rovni, že jsme všichni svobodní a všichni si zasloužíme šanci usilovat o vrchovatou míru štěstí."
"choose","choose","zvolit","zvolit","pf"," The time has come to reaffirm our enduring spirit; to choose our better history; to carry forward that precious gift, that noble idea, passed on from generation to generation : the God-given promise that all are equal, all are free, and all deserve a chance to pursue their full measure of happiness."," Nastal čas potvrdit našeho nezdolného ducha, zvolit si to lepší z našich dějin a nést dál onen drahocenný dar, onu vznešenou ideu předávanou z generace na generaci : totiž Bohem vyřčený slib, že jsme si všichni rovni, že jsme všichni svobodní a všichni si zasloužíme šanci usilovat o vrchovatou míru štěstí."
"carry","carry","nést","nést","impf"," The time has come to reaffirm our enduring spirit; to choose our better history; to carry forward that precious gift, that noble idea, passed on from generation to generation : the God-given promise that all are equal, all are free, and all deserve a chance to pursue their full measure of happiness."," Nastal čas potvrdit našeho nezdolného ducha, zvolit si to lepší z našich dějin a nést dál onen drahocenný dar, onu vznešenou ideu předávanou z generace na generaci : totiž Bohem vyřčený slib, že jsme si všichni rovni, že jsme všichni svobodní a všichni si zasloužíme šanci usilovat o vrchovatou míru štěstí."
"deserve","deserve","zasloužíme","zasloužit","pf"," The time has come to reaffirm our enduring spirit; to choose our better history; to carry forward that precious gift, that noble idea, passed on from generation to generation : the God-given promise that all are equal, all are free, and all deserve a chance to pursue their full measure of happiness."," Nastal čas potvrdit našeho nezdolného ducha, zvolit si to lepší z našich dějin a nést dál onen drahocenný dar, onu vznešenou ideu předávanou z generace na generaci : totiž Bohem vyřčený slib, že jsme si všichni rovni, že jsme všichni svobodní a všichni si zasloužíme šanci usilovat o vrchovatou míru štěstí."
"pursue","pursue","usilovat","usilovat","impf"," The time has come to reaffirm our enduring spirit; to choose our better history; to carry forward that precious gift, that noble idea, passed on from generation to generation : the God-given promise that all are equal, all are free, and all deserve a chance to pursue their full measure of happiness."," Nastal čas potvrdit našeho nezdolného ducha, zvolit si to lepší z našich dějin a nést dál onen drahocenný dar, onu vznešenou ideu předávanou z generace na generaci : totiž Bohem vyřčený slib, že jsme si všichni rovni, že jsme všichni svobodní a všichni si zasloužíme šanci usilovat o vrchovatou míru štěstí."
"understand","understand","chápeme","chápat","impf"," In reaffirming the greatness of our nation, we understand that greatness is never a given."," Když se opětovně utvrzujeme o velikosti našeho národa, chápeme, že velikost není nikomu předem dána."
"given","give","dána","dát","pf"," In reaffirming the greatness of our nation, we understand that greatness is never a given."," Když se opětovně utvrzujeme o velikosti našeho národa, chápeme, že velikost není nikomu předem dána."
"settled","settle","usadili","usadit","pf"," For us, they toiled in sweatshops and settled the West; endured the lash of the whip and ploughed the hard earth."," Kvůli nám se lopotili v robotárnách a usadili se na Západě, snášeli rány bičem a rozorávali celinu."
"endured","endure","snášeli","snášet","impf"," For us, they toiled in sweatshops and settled the West; endured the lash of the whip and ploughed the hard earth."," Kvůli nám se lopotili v robotárnách a usadili se na Západě, snášeli rány bičem a rozorávali celinu."
"fought","fight","bojovali","bojovat","impf"," For us, they fought and died, in places like Concord and Gettysburg, Normandy and Khe Sahn."," Kvůli nám bojovali a umírali na místech, jako jsou Concord a Gettysburg, Normandie a Khe Sahn."
"died","die","umírali","umírat","impf"," For us, they fought and died, in places like Concord and Gettysburg, Normandy and Khe Sahn."," Kvůli nám bojovali a umírali na místech, jako jsou Concord a Gettysburg, Normandie a Khe Sahn."
"struggled","struggle","bojovali","bojovat","impf"," Time and again these men and women struggled and sacrificed and worked till their hands were raw so that we might live a better life."," Znovu a znovu tito muži a ženy bojovali, obětovali se a rozdírali si ruce prací, abychom my mohli žít lepší život."
"seek","seek","hledají","hledat","impf"," It has not been the path for the faint-hearted - for those who prefer leisure over work, or seek only the pleasures of riches and fame."," Nebyla to cesta pro zbabělé - pro ty, kdo dávají přednost zábavě před prací nebo hledají pouze radosti bohatství a slávy."
"packed","pack","sbalili","sbalit","pf"," For us, they packed up their few worldly possessions and travelled across oceans in search of a new life."," Kvůli nám si sbalili svých pár světských statků a cestovali přes oceány hledat nový život."
"travelled","travel","cestovali","cestovat","impf"," For us, they packed up their few worldly possessions and travelled across oceans in search of a new life."," Kvůli nám si sbalili svých pár světských statků a cestovali přes oceány hledat nový život."
"generate","generate","vytvářet","vytvářet","impf"," Its power to generate wealth and expand freedom is unmatched, but this crisis has reminded us that without a watchful eye, the market can spin out of control - that a nation cannot prosper long when it favours only the prosperous."," Jeho schopnost vytvářet bohatství a rozšiřovat svobodu nemá obdoby, avšak současná krize nám připomněla, že bez bedlivého dohledu se trh může vymknout kontrole - a že národ nemůže dlouho prosperovat, pokud upřednostňuje pouze zámožné."
"expand","expand","rozšiřovat","rozšiřovat","impf"," Its power to generate wealth and expand freedom is unmatched, but this crisis has reminded us that without a watchful eye, the market can spin out of control - that a nation cannot prosper long when it favours only the prosperous."," Jeho schopnost vytvářet bohatství a rozšiřovat svobodu nemá obdoby, avšak současná krize nám připomněla, že bez bedlivého dohledu se trh může vymknout kontrole - a že národ nemůže dlouho prosperovat, pokud upřednostňuje pouze zámožné."
"reminded","remind","připomněla","připomenout","pf"," Its power to generate wealth and expand freedom is unmatched, but this crisis has reminded us that without a watchful eye, the market can spin out of control - that a nation cannot prosper long when it favours only the prosperous."," Jeho schopnost vytvářet bohatství a rozšiřovat svobodu nemá obdoby, avšak současná krize nám připomněla, že bez bedlivého dohledu se trh může vymknout kontrole - a že národ nemůže dlouho prosperovat, pokud upřednostňuje pouze zámožné."
"prosper","prosper","prosperovat","prosperovat","impf"," Its power to generate wealth and expand freedom is unmatched, but this crisis has reminded us that without a watchful eye, the market can spin out of control - that a nation cannot prosper long when it favours only the prosperous."," Jeho schopnost vytvářet bohatství a rozšiřovat svobodu nemá obdoby, avšak současná krize nám připomněla, že bez bedlivého dohledu se trh může vymknout kontrole - a že národ nemůže dlouho prosperovat, pokud upřednostňuje pouze zámožné."
"depended","depend","závisel","záviset","impf"," The success of our economy has always depended not just on the size of our gross domestic product, but on the reach of our prosperity; on the ability to extend opportunity to every willing heart - not out of charity, but because it is the surest route to our common good."," Úspěch naší ekonomiky vždy závisel nejen na velikosti našeho hrubého domácího produktu, ale i na dosahu naší prosperity, na naší schopnosti rozšiřovat příležitosti a nabízet je každému ochotnému srdci - ne z dobročinnosti, ale kvůli tomu, že je to nejjistější cesta k našemu společnému dobru."
"extend","extend","rozšiřovat","rozšiřovat","impf"," The success of our economy has always depended not just on the size of our gross domestic product, but on the reach of our prosperity; on the ability to extend opportunity to every willing heart - not out of charity, but because it is the surest route to our common good."," Úspěch naší ekonomiky vždy závisel nejen na velikosti našeho hrubého domácího produktu, ale i na dosahu naší prosperity, na naší schopnosti rozšiřovat příležitosti a nabízet je každému ochotnému srdci - ne z dobročinnosti, ale kvůli tomu, že je to nejjistější cesta k našemu společnému dobru."
"seek","seek","hledáme","hledat","impf"," To the Muslim world, we seek a new way forward, based on mutual interest and mutual respect."," Muslimský světe, hledáme novou cestu vpřed, založenou na oboustranném zájmu a vzájemném respektu."
"manage","manage","spravují","spravovat","impf"," And those of us who manage the public 's dollars will be held to account - to spend wisely, reform bad habits, and do our business in the light of day - because only then can we restore the vital trust between a people and their government."," A ti z nás, kdo spravují veřejné peníze, budou vedeni k zodpovědnosti - aby utráceli moudře, napravovali zlozvyky a vedli naše záležitosti průhledně -, protože teprve poté dokážeme obnovit životně důležitou důvěru mezi lidmi a jejich vládou."
"restore","restore","spravují","spravovat","impf"," And those of us who manage the public 's dollars will be held to account - to spend wisely, reform bad habits, and do our business in the light of day - because only then can we restore the vital trust between a people and their government."," A ti z nás, kdo spravují veřejné peníze, budou vedeni k zodpovědnosti - aby utráceli moudře, napravovali zlozvyky a vedli naše záležitosti průhledně -, protože teprve poté dokážeme obnovit životně důležitou důvěru mezi lidmi a jejich vládou."
"manage","manage","vedeni","vést","impf"," And those of us who manage the public 's dollars will be held to account - to spend wisely, reform bad habits, and do our business in the light of day - because only then can we restore the vital trust between a people and their government."," A ti z nás, kdo spravují veřejné peníze, budou vedeni k zodpovědnosti - aby utráceli moudře, napravovali zlozvyky a vedli naše záležitosti průhledně -, protože teprve poté dokážeme obnovit životně důležitou důvěru mezi lidmi a jejich vládou."
"spend","spend","utráceli","utrácet","impf"," And those of us who manage the public 's dollars will be held to account - to spend wisely, reform bad habits, and do our business in the light of day - because only then can we restore the vital trust between a people and their government."," A ti z nás, kdo spravují veřejné peníze, budou vedeni k zodpovědnosti - aby utráceli moudře, napravovali zlozvyky a vedli naše záležitosti průhledně -, protože teprve poté dokážeme obnovit životně důležitou důvěru mezi lidmi a jejich vládou."
"manage","manage","vedli","vést","impf"," And those of us who manage the public 's dollars will be held to account - to spend wisely, reform bad habits, and do our business in the light of day - because only then can we restore the vital trust between a people and their government."," A ti z nás, kdo spravují veřejné peníze, budou vedeni k zodpovědnosti - aby utráceli moudře, napravovali zlozvyky a vedli naše záležitosti průhledně -, protože teprve poté dokážeme obnovit životně důležitou důvěru mezi lidmi a jejich vládou."
"restore","restore","obnovit","obnovit","pf"," And those of us who manage the public 's dollars will be held to account - to spend wisely, reform bad habits, and do our business in the light of day - because only then can we restore the vital trust between a people and their government."," A ti z nás, kdo spravují veřejné peníze, budou vedeni k zodpovědnosti - aby utráceli moudře, napravovali zlozvyky a vedli naše záležitosti průhledně -, protože teprve poté dokážeme obnovit životně důležitou důvěru mezi lidmi a jejich vládou."
"restore","restore","Vrátíme","vrátit","pf"," We will restore science to its rightful place, and wield technology 's wonders to raise health care 's quality and lower its cost."," Vrátíme vědě místo, které jí náleží, a využijeme technologických zázraků ke zvýšení kvality zdravotní péče a snížení jejích nákladů."
"transform","transform","proměníme","proměnit","pf"," And we will transform our schools and colleges and universities to meet the demands of a new age."," A proměníme školy a univerzity tak, aby splňovaly nároky nové éry."
"do","do","udělat","udělat","pf"," All this we can do."," Toto vše můžeme udělat."
"do","do","uděláme","udělat","pf"," All this we will do."," A toto vše uděláme."
"tell","tell","říct","říci","pf"," They have something to tell us, just as the fallen heroes who lie in Arlington whisper through the ages."," Mají nám dnes co říct, stejně nám své poselství napříč věky šeptají padlí hrdinové odpočívající v Arlingtonu."
"find","find","najít","najít","pf"," We honour them not only because they are guardians of our liberty, but because they embody the spirit of service; a willingness to find meaning in something greater than themselves."," Vážíme si jim nejen proto, že jsou ochránci naší svobody, nýbrž i proto, že ztělesňují ducha služby vlasti, ochoty najít smysl v něčem, co je přesahuje."
"survive","survive","přežít","přežít","pf"," "" Let it be told to the future world ... that in the depth of winter, when nothing but hope and virtue could survive ... that the city and the country, alarmed at one common danger, came forth to meet [ it ]. """," "" Nechť se budoucí svět dozví ... že za hluboké zimy, kdy nemohlo přežít nic než naděje a ctnost ... že toto město a tato země, vyburcované společným nebezpečím, mu vykročily vstříc. """
"come","come","nastat","nastat","pf"," With hope and virtue, let us brave once more the icy currents, and endure what storms may come."," S nadějí a ctností se znovu postavme těmto ledovým proudům a nevzdávejme se za bouří, které mohou nastat."
"apologise","apologise","omlouvat","omlouvat","impf"," We will not apologise for our way of life, nor will we waver in its defence, and for those who seek to advance their aims by inducing terror and slaughtering innocents, we say to you now that our spirit is stronger and cannot be broken; you cannot outlast us, and we will defeat you."," Nebudeme se omlouvat za náš způsob života, nezakolísáme při jeho obraně a těm, kdo se snaží prosazovat své cíle šířením teroru a masakrováním nevinných lidí, nyní vzkazujeme, že náš duch je silnější a nedá se zlomit : nemůžete nás přežít a my vás porazíme."
"seek","seek","snaží","snažit","impf"," We will not apologise for our way of life, nor will we waver in its defence, and for those who seek to advance their aims by inducing terror and slaughtering innocents, we say to you now that our spirit is stronger and cannot be broken; you cannot outlast us, and we will defeat you."," Nebudeme se omlouvat za náš způsob života, nezakolísáme při jeho obraně a těm, kdo se snaží prosazovat své cíle šířením teroru a masakrováním nevinných lidí, nyní vzkazujeme, že náš duch je silnější a nedá se zlomit : nemůžete nás přežít a my vás porazíme."
"advance","advance","prosazovat","prosazovat","impf"," We will not apologise for our way of life, nor will we waver in its defence, and for those who seek to advance their aims by inducing terror and slaughtering innocents, we say to you now that our spirit is stronger and cannot be broken; you cannot outlast us, and we will defeat you."," Nebudeme se omlouvat za náš způsob života, nezakolísáme při jeho obraně a těm, kdo se snaží prosazovat své cíle šířením teroru a masakrováním nevinných lidí, nyní vzkazujeme, že náš duch je silnější a nedá se zlomit : nemůžete nás přežít a my vás porazíme."
"broken","break","zlomit","zlomit","pf"," We will not apologise for our way of life, nor will we waver in its defence, and for those who seek to advance their aims by inducing terror and slaughtering innocents, we say to you now that our spirit is stronger and cannot be broken; you cannot outlast us, and we will defeat you."," Nebudeme se omlouvat za náš způsob života, nezakolísáme při jeho obraně a těm, kdo se snaží prosazovat své cíle šířením teroru a masakrováním nevinných lidí, nyní vzkazujeme, že náš duch je silnější a nedá se zlomit : nemůžete nás přežít a my vás porazíme."
"outlast","outlast","přežít","přežít","pf"," We will not apologise for our way of life, nor will we waver in its defence, and for those who seek to advance their aims by inducing terror and slaughtering innocents, we say to you now that our spirit is stronger and cannot be broken; you cannot outlast us, and we will defeat you."," Nebudeme se omlouvat za náš způsob života, nezakolísáme při jeho obraně a těm, kdo se snaží prosazovat své cíle šířením teroru a masakrováním nevinných lidí, nyní vzkazujeme, že náš duch je silnější a nedá se zlomit : nemůžete nás přežít a my vás porazíme."
"slaughtering","slaughter","porazíme","porazit","pf"," We will not apologise for our way of life, nor will we waver in its defence, and for those who seek to advance their aims by inducing terror and slaughtering innocents, we say to you now that our spirit is stronger and cannot be broken; you cannot outlast us, and we will defeat you."," Nebudeme se omlouvat za náš způsob života, nezakolísáme při jeho obraně a těm, kdo se snaží prosazovat své cíle šířením teroru a masakrováním nevinných lidí, nyní vzkazujeme, že náš duch je silnější a nedá se zlomit : nemůžete nás přežít a my vás porazíme."
"defeat","defeat","porazíme","porazit","pf"," We will not apologise for our way of life, nor will we waver in its defence, and for those who seek to advance their aims by inducing terror and slaughtering innocents, we say to you now that our spirit is stronger and cannot be broken; you cannot outlast us, and we will defeat you."," Nebudeme se omlouvat za náš způsob života, nezakolísáme při jeho obraně a těm, kdo se snaží prosazovat své cíle šířením teroru a masakrováním nevinných lidí, nyní vzkazujeme, že náš duch je silnější a nedá se zlomit : nemůžete nás přežít a my vás porazíme."
"Recall","recall","Připomeňme","připomenout","pf"," Recall that earlier generations faced down fascism and communism not just with missiles and tanks, but with the sturdy alliances and enduring convictions."," Připomeňme si, že předchozí generace neumlčely fašismus a komunismus pouze raketami a tanky, ale i neústupnými aliancemi a trvalým přesvědčením."
"calls","call","vyzývá","vyzývat","impf"," This is the source of our confidence - the knowledge that God calls on us to shape an uncertain destiny."," Právě to je pramen naší smělosti - vědomí, že Bůh nás vyzývá, abychom formovali svůj nejistý osud."
"shape","shape","formovali","formovat","impf"," This is the source of our confidence - the knowledge that God calls on us to shape an uncertain destiny."," Právě to je pramen naší smělosti - vědomí, že Bůh nás vyzývá, abychom formovali svůj nejistý osud."
"join","join","přidat","přidat","pf"," This is the meaning of our liberty and our creed - why men and women and children of every race and every faith can join in celebration across this magnificent mall, and why a man whose father less than 60 years ago might not have been served at a local restaurant can now stand before you to take a most sacred oath."," Takový je význam naší svobody a našeho kréda - důvod, proč se muži i ženy i děti všech ras a vyznání mohou přidat k oslavám na tomto nádherném prostranství a proč teď před vámi může stát muž, jehož otec si před necelými 60 lety ani nemohl v nejbližším lokále objednat, a skládá jednu z nejposvátnějších přísah."
"take","take","skládá","skládat","impf"," This is the meaning of our liberty and our creed - why men and women and children of every race and every faith can join in celebration across this magnificent mall, and why a man whose father less than 60 years ago might not have been served at a local restaurant can now stand before you to take a most sacred oath."," Takový je význam naší svobody a našeho kréda - důvod, proč se muži i ženy i děti všech ras a vyznání mohou přidat k oslavám na tomto nádherném prostranství a proč teď před vámi může stát muž, jehož otec si před necelými 60 lety ani nemohl v nejbližším lokále objednat, a skládá jednu z nejposvátnějších přísah."
"works","work","funguje","fungovat","impf"," The question we ask today is not whether our government is too big or too small, but whether it works - whether it helps families find jobs at a decent wage, care they can afford, a retirement that is dignified."," Otázka, kterou si dnes klademe, nezní tak, zda je naše vláda příliš velká, nebo příliš malá, nýbrž zda funguje - zda pomáhá rodinám nacházet pracovní místa za slušnou mzdu, dostupnou zdravotní péči nebo důstojnou penzi."
"helps","help","pomáhá","pomáhat","impf"," The question we ask today is not whether our government is too big or too small, but whether it works - whether it helps families find jobs at a decent wage, care they can afford, a retirement that is dignified."," Otázka, kterou si dnes klademe, nezní tak, zda je naše vláda příliš velká, nebo příliš malá, nýbrž zda funguje - zda pomáhá rodinám nacházet pracovní místa za slušnou mzdu, dostupnou zdravotní péči nebo důstojnou penzi."
"find","find","nacházet","nacházet","impf"," The question we ask today is not whether our government is too big or too small, but whether it works - whether it helps families find jobs at a decent wage, care they can afford, a retirement that is dignified."," Otázka, kterou si dnes klademe, nezní tak, zda je naše vláda příliš velká, nebo příliš malá, nýbrž zda funguje - zda pomáhá rodinám nacházet pracovní místa za slušnou mzdu, dostupnou zdravotní péči nebo důstojnou penzi."
"end","end","skončí","skončit","pf"," Where the answer is no, programs will end."," Tam, kde zní odpověď ne, stávající programy skončí."
"extend","extend","podáme","podat","pf"," To those who cling to power through corruption and deceit and the silencing of dissent, know that you are on the wrong side of history; but that we will extend a hand if you are willing to unclench your fist."," Vy, kdo se upínáte k moci pomocí korupce, podvodů a umlčování disentu, uvědomte si, že jste na špatné straně dějin, ale že my vám podáme ruku, projevíte - li ochotu rozevřít svou pěst."
"remained","remain","zůstali","zůstat","pf"," At these moments, America has carried on not simply because of the skill or vision of those in high office, but because we, the people, have remained faithful to the ideals of our forbearers, and true to our founding documents."," V takových okamžicích šla Amerika dál nikoliv díky schopnostem či vizím lidí zastávajících vysoký úřad, nýbrž proto, že jsme my, americký lid, zůstali věrní ideálům našich předků a nezpronevěřili se našim zakládajícím listinám."
"tolerate","tolerate","snést","snést","pf"," Now, there are some who question the scale of our ambitions - who suggest that our system cannot tolerate too many big plans."," Existují lidé, kteří zpochybňují šíři našich ambicí - naznačují, že náš systém nedokáže snést příliš mnoho velkých plánů."
"forgotten","forget","Zapomněli","zapomenout","pf"," For they have forgotten what this country has already done; what free men and women can achieve when imagination is joined to common purpose, and necessity to courage."," Zapomněli totiž, co už tato země dokázala, čeho mohou svobodní muži a ženy dosáhnout, když spojí představivost se společnými cíli a nezbytnost s odvahou."
"achieve","achieve","dosáhnout","dosáhnout","pf"," For they have forgotten what this country has already done; what free men and women can achieve when imagination is joined to common purpose, and necessity to courage."," Zapomněli totiž, co už tato země dokázala, čeho mohou svobodní muži a ženy dosáhnout, když spojí představivost se společnými cíli a nezbytnost s odvahou."
"joined","join","spojí","spojit","pf"," For they have forgotten what this country has already done; what free men and women can achieve when imagination is joined to common purpose, and necessity to courage."," Zapomněli totiž, co už tato země dokázala, čeho mohou svobodní muži a ženy dosáhnout, když spojí představivost se společnými cíli a nezbytnost s odvahou."
"understand","understand","pochopit","pochopit","pf"," What the cynics fail to understand is that the ground has shifted beneath them - that the stale political arguments that have consumed us for so long no longer apply."," Cynikové nedokážou pochopit, že se jim pod nohama hnuly ledy - že vyčichlé politické hádky, které nás tak dlouho stravovaly, ztratily účinek."
"consumed","consume","stravovaly","stravovat","impf"," What the cynics fail to understand is that the ground has shifted beneath them - that the stale political arguments that have consumed us for so long no longer apply."," Cynikové nedokážou pochopit, že se jim pod nohama hnuly ledy - že vyčichlé politické hádky, které nás tak dlouho stravovaly, ztratily účinek."
"make","make","činit","činit","impf"," Our economy is badly weakened, a consequence of greed and irresponsibility on the part of some, but also our collective failure to make hard choices and prepare the nation for a new age."," Naše ekonomika je šeredně oslabená, což je důsledek chamtivosti a nezodpovědnosti některých lidí, ale i naší společné neschopnosti činit obtížná rozhodnutí a připravit národ na novou éru."
"make","make","připravit","připravit","pf"," Our economy is badly weakened, a consequence of greed and irresponsibility on the part of some, but also our collective failure to make hard choices and prepare the nation for a new age."," Naše ekonomika je šeredně oslabená, což je důsledek chamtivosti a nezodpovědnosti některých lidí, ale i naší společné neschopnosti činit obtížná rozhodnutí a připravit národ na novou éru."
"prepare","prepare","připravit","připravit","pf"," Our economy is badly weakened, a consequence of greed and irresponsibility on the part of some, but also our collective failure to make hard choices and prepare the nation for a new age."," Naše ekonomika je šeredně oslabená, což je důsledek chamtivosti a nezodpovědnosti některých lidí, ale i naší společné neschopnosti činit obtížná rozhodnutí a připravit národ na novou éru."
"lost","lose","ztratili","ztratit","pf"," Homes have been lost; jobs shed; businesses shuttered."," Lidé přišli o domovy, ztratili práci, firmy se musely zavřít."
"brings","bring","přináší","přinášet","impf"," Our health care is too costly; our schools fail too many; and each day brings further evidence that the ways we use energy strengthen our adversaries and threaten our planet."," Naše zdravotnictví je příliš nákladné, v našich školách se příliš propadá a každý den přináší další důkazy, že způsob, jakým využíváme energii, posiluje naše nepřátele a ohrožuje naši planetu."
"strengthen","strengthen","posiluje","posilovat","impf"," Our health care is too costly; our schools fail too many; and each day brings further evidence that the ways we use energy strengthen our adversaries and threaten our planet."," Naše zdravotnictví je příliš nákladné, v našich školách se příliš propadá a každý den přináší další důkazy, že způsob, jakým využíváme energii, posiluje naše nepřátele a ohrožuje naši planetu."
"threaten","threaten","ohrožuje","ohrožovat","impf"," Our health care is too costly; our schools fail too many; and each day brings further evidence that the ways we use energy strengthen our adversaries and threaten our planet."," Naše zdravotnictví je příliš nákladné, v našich školách se příliš propadá a každý den přináší další důkazy, že způsob, jakým využíváme energii, posiluje naše nepřátele a ohrožuje naši planetu."
"begin","begin","Počínaje","počínat","impf"," Starting today, we must pick ourselves up, dust ourselves off, and begin again the work of remaking America."," Počínaje dneškem se musíme sebrat, oklepat se a znovu začít pracovat na přetváření Ameriky."
"pick","pick","sebrat","sebrat","pf"," Starting today, we must pick ourselves up, dust ourselves off, and begin again the work of remaking America."," Počínaje dneškem se musíme sebrat, oklepat se a znovu začít pracovat na přetváření Ameriky."
"Starting","start","začít","začít","pf"," Starting today, we must pick ourselves up, dust ourselves off, and begin again the work of remaking America."," Počínaje dneškem se musíme sebrat, oklepat se a znovu začít pracovat na přetváření Ameriky."
"begin","begin","začít","začít","pf"," Starting today, we must pick ourselves up, dust ourselves off, and begin again the work of remaking America."," Počínaje dneškem se musíme sebrat, oklepat se a znovu začít pracovat na přetváření Ameriky."
"look","look","podíváme","podívat","pf"," For everywhere we look, there is work to be done."," Ať se totiž podíváme kamkoliv, čeká nás tam práce."
"calls","call","volá","volat","impf"," The state of the economy calls for action, bold and swift, and we will act - not only to create new jobs, but to lay a new foundation for growth."," Stav hospodářství volá po akci, smělé a svižné, a my budeme skutečně jednat - nejen vytvářet nová pracovní místa, ale i pokládat nové základy růstu."
"act","act","jednat","jednat","impf"," The state of the economy calls for action, bold and swift, and we will act - not only to create new jobs, but to lay a new foundation for growth."," Stav hospodářství volá po akci, smělé a svižné, a my budeme skutečně jednat - nejen vytvářet nová pracovní místa, ale i pokládat nové základy růstu."
"create","create","vytvářet","vytvářet","impf"," The state of the economy calls for action, bold and swift, and we will act - not only to create new jobs, but to lay a new foundation for growth."," Stav hospodářství volá po akci, smělé a svižné, a my budeme skutečně jednat - nejen vytvářet nová pracovní místa, ale i pokládat nové základy růstu."
"lay","lay","pokládat","pokládat","impf"," The state of the economy calls for action, bold and swift, and we will act - not only to create new jobs, but to lay a new foundation for growth."," Stav hospodářství volá po akci, smělé a svižné, a my budeme skutečně jednat - nejen vytvářet nová pracovní místa, ale i pokládat nové základy růstu."
"afford","afford","dovolit","dovolit","pf"," And to those nations like ours that enjoy relative plenty, we say we can no longer afford indifference to suffering outside our borders; nor can we consume the world 's resources without regard to effect."," A vy, národy nám podobné, požívající relativního dostatku, vězte, že už si nadále nemůžeme dovolit lhostejnost vůči utrpení za našimi hranicemi a že nemůžeme spotřebovávat světové zdroje, aniž bychom hleděli na důsledky."
"consume","consume","spotřebovávat","spotřebovávat","impf"," And to those nations like ours that enjoy relative plenty, we say we can no longer afford indifference to suffering outside our borders; nor can we consume the world 's resources without regard to effect."," A vy, národy nám podobné, požívající relativního dostatku, vězte, že už si nadále nemůžeme dovolit lhostejnost vůči utrpení za našimi hranicemi a že nemůžeme spotřebovávat světové zdroje, aniž bychom hleděli na důsledky."
"changed","change","změnil","změnit","pf"," For the world has changed, and we must change with it."," Neboť náš svět se změnil a my se musíme změnit s ním."
"change","change","změnil","změnit","pf"," For the world has changed, and we must change with it."," Neboť náš svět se změnil a my se musíme změnit s ním."
"changed","change","změnit","změnit","pf"," For the world has changed, and we must change with it."," Neboť náš svět se změnil a my se musíme změnit s ním."
"change","change","změnit","změnit","pf"," For the world has changed, and we must change with it."," Neboť náš svět se změnil a my se musíme změnit s ním."
"consider","consider","uvažujeme","uvažovat","impf"," As we consider the road that unfolds before us, we remember with humble gratitude those brave Americans who, at this very hour, patrol far-off deserts and distant mountains."," Když uvažujeme o cestě, která se před námi vine, vzpomínáme se skromnou vděčností na ty statečné Američany, kteří jsou právě v těchto chvílích na stráži v dalekých pouštích a odlehlých horách."
"remember","remember","vzpomínáme","vzpomínat","impf"," As we consider the road that unfolds before us, we remember with humble gratitude those brave Americans who, at this very hour, patrol far-off deserts and distant mountains."," Když uvažujeme o cestě, která se před námi vine, vzpomínáme se skromnou vděčností na ty statečné Američany, kteří jsou právě v těchto chvílích na stráži v dalekých pouštích a odlehlých horách."
